Agency/Label Name,Entity Type,Country,Artist Name,Genre,Contact/A&R Email,Website,Source,Notes
Albuquerque Records,Label,India,Anirudh Ravichander,Tamil Film / Pop,,,labels_agencies_roster,
Azadi Records,Label,India,Prabh Deep,Hip-Hop / Rap,,https://azadirecords.com,agent,
Azadi Records,Label,India,Seedhe Maut,Hip-Hop / Rap,,https://azadirecords.com,agent,
Azadi Records,Label,India,Ahmer,Hip-Hop / Rap (Kashmiri),,https://azadirecords.com,agent,
Azadi Records,Label,India,Tienas,Hip-Hop,,https://azadirecords.com,agent,
Azadi Records,Label,India,Swadesi,Hip-Hop / Marathi,,https://azadirecords.com,agent,
Azadi Records,Label,India,Triangles,Hip-Hop,,https://azadirecords.com,agent,
Azadi Records,Label,India,100RBH,Hip-Hop,,https://azadirecords.com,agent,
Azadi Records,Label,India,Ali Saffudin,Folk / Kashmiri,,https://azadirecords.com,agent,
Azadi Records,Label,India,Kim The Beloved,R&B / Alternative Hip-Hop,,https://azadirecords.com,agent,
Azadi Records,Label,India,Clifr,Hip-Hop / Electronic,,https://azadirecords.com,agent,
Azadi Records,Label,India,PAV4N,Hip-Hop,,https://azadirecords.com,agent,
Azadi Records,Label,India,Sid Vashi,Hip-Hop,,https://azadirecords.com,labels_agencies_roster,
Azadi Records,Label,India,Naezy,Hip-Hop,,https://azadirecords.com,labels_agencies_roster,
Azadi Records,Label,India,RAK,Hip-Hop,,https://azadirecords.com,labels_agencies_roster,
Azadi Records,Label,India,JELO,Hip-Hop,,https://azadirecords.com,labels_agencies_roster,
Azadi Records,Label,India,Gunda,Hip-Hop,,https://azadirecords.com,labels_agencies_roster,
Azadi Records,Label,India,Rebel 7,Hip-Hop,,https://azadirecords.com,labels_agencies_roster,
Azadi Records,Label,India,Vasu Raina,Hip-Hop,,https://azadirecords.com,labels_agencies_roster,
Azadi Records,Label,India,RANJ,Hip-Hop / R&B,,https://azadirecords.com,labels_agencies_roster,
Azadi Records,Label,India,Dizlaw,Hip-Hop,,https://azadirecords.com,labels_agencies_roster,
Azadi Records,Label,India,Pataka Boys,Hip-Hop,,https://azadirecords.com,labels_agencies_roster,
Azadi Records,Label,India,Kartik,Hip-Hop,,https://azadirecords.com,labels_agencies_roster,
Azadi Records,Label,India,SONNYJIM,Hip-Hop,,https://azadirecords.com,labels_agencies_roster,
Azadi Records,Label,India,Bantaiz,Hip-Hop,,https://azadirecords.com,labels_agencies_roster,
Azadi Records,Label,India,Straight Outta Srinagar (SOS),Hip-Hop,,https://azadirecords.com,labels_agencies_roster,
Desi Melodies,Label,India,Jaani,Punjabi,,,labels_agencies_roster,
Desi Melodies,Label,India,B Praak,Punjabi,,,labels_agencies_roster,
DL91,Label,India,Seedhe Maut,Hip-Hop,,,labels_agencies_roster,
DL91,Label,India,Hurricane,Hip-Hop,,,labels_agencies_roster,
DL91,Label,India,Lil Bhavi,Hip-Hop,,,labels_agencies_roster,
DL91,Label,India,AB-17,Hip-Hop,,,labels_agencies_roster,
DL91,Label,India,OG Lucifer,Hip-Hop,,,labels_agencies_roster,
DL91,Label,India,GhAatak,Hip-Hop,,,labels_agencies_roster,
DL91,Label,India,Bhaskar,Hip-Hop,,,labels_agencies_roster,
Dualism Records,Label,India,Dualist Inquiry,Electronic,,,labels_agencies_roster,
Gully Gang Entertainment,Label,India,DIVINE,Hip-Hop,,https://gullygang.in,labels_agencies_roster,
Gully Gang Entertainment,Label,India,MC Altaf,Hip-Hop,,https://gullygang.in,labels_agencies_roster,
Gully Gang Entertainment,Label,India,Sammohit,Hip-Hop,,https://gullygang.in,labels_agencies_roster,
Gully Gang Entertainment,Label,India,D'Evil,Hip-Hop,,https://gullygang.in,labels_agencies_roster,
Gully Gang Entertainment,Label,India,Afkap,Hip-Hop,,https://gullygang.in,labels_agencies_roster,
Gully Gang Entertainment,Label,India,Riar Saab,Punjabi Hip-Hop,,https://gullygang.in,labels_agencies_roster,
Gully Gang Entertainment,Label,India,Tsumyoki,I-Pop / Hip-Hop,,https://gullygang.in,labels_agencies_roster,
Gully Gang Entertainment,Label,India,Kaam Bhaari,Hip-Hop,,https://gullygang.in,labels_agencies_roster,
Gully Gang Entertainment,Label,India,Shah Rule,Hip-Hop,,https://gullygang.in,labels_agencies_roster,
Gully Gang Entertainment,Label,India,Stunnah Beatz,Hip-Hop / Production,,https://gullygang.in,labels_agencies_roster,
Gully Gang Entertainment,Label,India,Deeking,Hip-Hop,,https://gullygang.in,labels_agencies_roster,
ONNO Collective,Label,India,Disco Puppet,Electronic / Experimental,,https://onnocollective.bandcamp.com,labels_agencies_roster,
ONNO Collective,Label,India,Sawhorse,Electronic / Experimental,,https://onnocollective.bandcamp.com,labels_agencies_roster,
ONNO Collective,Label,India,Pardafash,Electronic / Experimental,,https://onnocollective.bandcamp.com,labels_agencies_roster,
ONNO Collective,Label,India,Catatacat,Electronic / Experimental,,https://onnocollective.bandcamp.com,labels_agencies_roster,
ONNO Collective,Label,India,Nithin Shams,Experimental,,https://onnocollective.bandcamp.com,labels_agencies_roster,
ONNO Collective,Label,India,ExSHA,Electronic,,https://onnocollective.bandcamp.com,labels_agencies_roster,
Pagal Haina,Label,India,Lifafa,Electronic / Indie,,https://pagalhaina.com,labels_agencies_roster,
Pagal Haina,Label,India,Peter Cat Recording Co.,Indie Rock,,https://pagalhaina.com,labels_agencies_roster,
Pagal Haina,Label,India,The F16s,Indie Rock,,https://pagalhaina.com,labels_agencies_roster,
Pagal Haina,Label,India,Prateek Kuhad,Indie Pop / Folk,,https://pagalhaina.com,labels_agencies_roster,
Pagal Haina,Label,India,Rounak Maiti,Indie,,https://pagalhaina.com,labels_agencies_roster,
Pagal Haina,Label,India,Shantanu Pandit,Indie,,https://pagalhaina.com,labels_agencies_roster,
Pagal Haina,Label,India,Begum,Indie,,https://pagalhaina.com,labels_agencies_roster,
Pagal Haina,Label,India,Bowls,Indie,,https://pagalhaina.com,labels_agencies_roster,
Pagal Haina,Label,India,Ditty,Indie,,https://pagalhaina.com,labels_agencies_roster,
Pagal Haina,Label,India,Shashwat Bulusu,Indie Pop,,https://pagalhaina.com,labels_agencies_roster,
Pagal Haina,Label,India,Hashbass,Electronic,,https://pagalhaina.com,labels_agencies_roster,
Pagal Haina,Label,India,Lo! Peninsula,Indie,,https://pagalhaina.com,labels_agencies_roster,
Pagal Haina,Label,India,Karshni Nair,Indie,,https://pagalhaina.com,labels_agencies_roster,
Saregama,Label,India,Daler Mehndi,Punjabi,,https://saregama.com,labels_agencies_roster,
Saregama,Label,India,Tony Kakkar,Pop,,https://saregama.com,labels_agencies_roster,
Saregama,Label,India,Paradox,Hip-Hop,,https://saregama.com,labels_agencies_roster,
Saregama,Label,India,Maahi,Indie Pop,,https://saregama.com,labels_agencies_roster,
Saregama,Label,India,Pragati,Pop,,https://saregama.com,labels_agencies_roster,
Sony Music India (Day One),Label,India,Tanmaya Bhatnagar,Singer-Songwriter,,https://sonymusic.co.in,labels_agencies_roster,
Sony Music India (Day One),Label,India,Pina Colada Blues (Kevin Shaji),Indie,,https://sonymusic.co.in,labels_agencies_roster,
Sony Music India (NINE),Label,India,Raftaar,Hip-Hop,,https://sonymusic.co.in,labels_agencies_roster,
Sony Music India (NINE),Label,India,Talwiinder,Indie / R&B,,https://sonymusic.co.in,labels_agencies_roster,
Sony Music India (NINE),Label,India,The Kidd,Hip-Hop,,https://sonymusic.co.in,labels_agencies_roster,
Speed Records,Label,India,Sidhu Moosewala,Punjabi,,https://speedrecords.com,labels_agencies_roster,
Speed Records,Label,India,Gippy Grewal,Punjabi,,https://speedrecords.com,labels_agencies_roster,
Speed Records,Label,India,B Praak,Punjabi,,https://speedrecords.com,labels_agencies_roster,
Speed Records,Label,India,Nimrat Khaira,Punjabi,,https://speedrecords.com,labels_agencies_roster,
Speed Records,Label,India,Jassi Gill,Punjabi,,https://speedrecords.com,labels_agencies_roster,
Speed Records,Label,India,Inder Chahal,Punjabi,,https://speedrecords.com,labels_agencies_roster,
Speed Records,Label,India,Gurlez Akhtar,Punjabi,,https://speedrecords.com,labels_agencies_roster,
Speed Records,Label,India,Asees Kaur,Punjabi Pop,,https://speedrecords.com,labels_agencies_roster,
Speed Records,Label,India,Jasmine Sandlas,Punjabi,,https://speedrecords.com,labels_agencies_roster,
Speed Records,Label,India,Khasa Aala Chahar,Haryanvi,,,labels_agencies_roster,
Speed Records,Label,India,Gulzaar Chhaniwala,Haryanvi,,,labels_agencies_roster,
Speed Records,Label,India,Sumit Goswami,Haryanvi,,,labels_agencies_roster,
Speed Records,Label,India,Vishvajeet Choudhary,Haryanvi,,,labels_agencies_roster,
Speed Records,Label,India,Armaan Bedil,Pop,,,labels_agencies_roster,
T-Series,Label,India,Guru Randhawa,Punjabi Pop,,https://tseries.com,labels_agencies_roster,
T-Series,Label,India,Vishal Mishra,Bollywood Pop,,https://tseries.com,labels_agencies_roster,
T-Series,Label,India,Jubin Nautiyal,Bollywood Pop,,https://tseries.com,labels_agencies_roster,
T-Series,Label,India,Neha Kakkar,Bollywood Pop,,https://tseries.com,labels_agencies_roster,
T-Series,Label,India,Tulsi Kumar,Bollywood Pop,,https://tseries.com,labels_agencies_roster,
T-Series,Label,India,Sachet-Parampara,Bollywood,,https://tseries.com,labels_agencies_roster,
T-Series,Label,India,Tanishk Bagchi,Production / Pop,,https://tseries.com,labels_agencies_roster,
T-Series,Label,India,Manan Bhardwaj,Indie,,https://tseries.com,labels_agencies_roster,
T-Series,Label,India,Vasu Kainth,Indie,,https://tseries.com,labels_agencies_roster,
T-Series,Label,India,Garvit-Priyansh,Indie,,https://tseries.com,labels_agencies_roster,
T-Series,Label,India,Savneet Singh,Indie,,https://tseries.com,labels_agencies_roster,
T-Series,Label,India,Shivam Srivastava,Indie,,https://tseries.com,labels_agencies_roster,
T-Series,Label,India,Parth Srivastava,Indie,,https://tseries.com,labels_agencies_roster,
Universal Music India (VYRL),Label,India,Mithoon,Indie / Bollywood,,https://umusicindia.com,labels_agencies_roster,
Universal Music India (VYRL),Label,India,Asees Kaur,Pop / Punjabi,,https://umusicindia.com,labels_agencies_roster,
Universal Music India (VYRL),Label,India,Arjun Kanungo,Pop,,https://umusicindia.com,labels_agencies_roster,
Universal Music India (VYRL),Label,India,Lisa Mishra,Pop,,https://umusicindia.com,labels_agencies_roster,
Universal Music India (VYRL),Label,India,Tanishk Bagchi,Pop / Production,,https://umusicindia.com,labels_agencies_roster,
Universal Music India (VYRL),Label,India,Sukriti & Prakriti Kakkar,Pop,,https://umusicindia.com,labels_agencies_roster,
Universal Music India (VYRL),Label,India,Akull Tandon,Pop,,https://umusicindia.com,labels_agencies_roster,
Universal Music India (VYRL),Label,India,Arijit Singh,Bollywood / Pop,,https://umusicindia.com,labels_agencies_roster,
Universal Music India (VYRL),Label,India,Badshah,Hip-Hop / Pop,,https://umusicindia.com,labels_agencies_roster,
Universal Music India (VYRL),Label,India,Nucleya,Electronic,,https://umusicindia.com,labels_agencies_roster,
Universal Music India (VYRL),Label,India,Anuv Jain,Indie Pop,,https://umusicindia.com,labels_agencies_roster,
Universal Music India (VYRL),Label,India,MC Stan,Hip-Hop,,https://umusicindia.com,labels_agencies_roster,
Universal Music India (VYRL),Label,India,Zaeden,Electronic,,https://umusicindia.com,labels_agencies_roster,
Universal Music India (VYRL),Label,India,Lost Stories,Electronic,,https://umusicindia.com,labels_agencies_roster,
Universal Music India (VYRL),Label,India,Yashraj,Pop,,https://umusicindia.com,labels_agencies_roster,
Universal Music India (VYRL),Label,India,Hanita Bhambri,Indie Pop,,https://umusicindia.com,labels_agencies_roster,
Universal Music India (VYRL),Label,India,Kamakshi Khanna,Indie,,https://umusicindia.com,labels_agencies_roster,
Warner Music India,Label,India,Darshan Raval,Pop / Bollywood,,https://warnermusicindia.co,agent,
Warner Music India,Label,India,Diljit Dosanjh,Punjabi Pop,,https://warnermusicindia.co,agent,
Warner Music India,Label,India,King,Hindi Rap / Pop,,https://warnermusicindia.co,agent,
Warner Music India,Label,India,Sanjith Hegde,Bollywood Playback,,https://warnermusicindia.co,agent,
Warner Music India,Label,India,Prateeksha Srivastava,Indie Pop,,https://warnermusicindia.co,agent,
Warner Music India,Label,India,Karma,Hip-Hop,,https://warnermusicindia.co,labels_agencies_roster,
Warner Music India (91 North),Label,India,Karan Aujla,Punjabi Hip-Hop,,https://warnermusicindia.co,labels_agencies_roster,
Warner Music India (91 North),Label,India,Jonita Gandhi,Pop / R&B,,https://warnermusicindia.co,labels_agencies_roster,
Warner Music India (MAATI),Label,India,Vishal Dadlani,Indie / Bollywood,,https://warnermusicindia.co,labels_agencies_roster,
Warner Music India (MAATI),Label,India,Mohit Chauhan,Folk / Indie,,https://warnermusicindia.co,labels_agencies_roster,
Warner Music India (MAATI),Label,India,Rani KohEnur,Folk,,https://warnermusicindia.co,labels_agencies_roster,
Zee Music Company,Label,India,Adnan Sami,Pop / Classical,,,labels_agencies_roster,
Zee Music Company,Label,India,QARAN,Pop,,,labels_agencies_roster,
AMG India,Agency,India,Sivamani,World Percussion / Fusion,amgindia@gmail.com,https://amgindia.in,agent,
AMG India,Agency,India,Louiz Banks,Jazz / Fusion,amgindia@gmail.com,https://amgindia.in,agent,
AMG India,Agency,India,Kala Ramnath,Carnatic Classical Violin / Fusion,amgindia@gmail.com,https://amgindia.in,agent,
AMG India,Agency,India,Samarpan,Indian Classical Fusion,amgindia@gmail.com,https://amgindia.in,agent,
AMG India,Agency,India,Sitar Rhapsody (Chirag Katti),Sitar / Fusion,amgindia@gmail.com,https://amgindia.in,agent,
AMG India,Agency,India,Jayanthi Kumaresh,Veena / Carnatic Classical,amgindia@gmail.com,https://amgindia.in,agent,
AMG India,Agency,India,3G (Vikku Vinayakram / Selvaganesh / Swaminathan),Carnatic Percussion,amgindia@gmail.com,https://amgindia.in,agent,
AMG India,Agency,India,The Yes Triangle (Shankar Mahadevan + Sivamani + Stephen Devassy),Fusion / Improv,amgindia@gmail.com,https://amgindia.in,agent,
AMG India,Agency,India,Asia Electrik,Electronic / Fusion,amgindia@gmail.com,https://amgindia.in,agent,
AMG India,Agency,India,RagaJazz,Jazz / Indian Classical,amgindia@gmail.com,https://amgindia.in,agent,
AMG India,Agency,India,v-Ravi (Ravi Iyer),Fusion Guitar,amgindia@gmail.com,https://amgindia.in,agent,
AMG India,Management,India,Shankar Mahadevan,Classical / Bollywood,,https://amgindia.in,labels_agencies_roster,
AMG India,Management,India,Stephen Devassy,Classical / Jazz,,https://amgindia.in,labels_agencies_roster,
Big Bang Music (BGBNG),Agency,India,Shalmali Kholgade,Pop / Indie,,https://bgbng.com,agent,
Big Bang Music (BGBNG),Agency,India,Naezy,Hip-Hop / Rap,,https://bgbng.com,agent,
Big Bang Music (BGBNG),Agency,India,Anumita Nadesan,Pop / R&B,,https://bgbng.com,agent,
Big Bang Music (BGBNG),Agency,India,Jasleen Royal,Indie Pop,,https://bgbng.com,agent,
Big Bang Music (BGBNG),Agency,India,The 9TEEN,Pop,,https://bgbng.com,agent,
Collective Artists Network,Agency,India,Pritam,Film Composer / Bollywood,,https://collectiveartists.com,agent,
Collective Artists Network,Agency,India,Jasleen Royal,Indie Pop / Bollywood,,https://collectiveartists.com,agent,
Collective Artists Network,Agency,India,Shilpa Rao,Indie Pop / Bollywood Playback,,https://collectiveartists.com,agent,
Collective Artists Network,Agency,India,Jonita Gandhi,Pop / R&B,,https://collectiveartists.com,agent,
Collective Artists Network,Agency,India,Kanika Kapoor,Bollywood Pop,,https://collectiveartists.com,agent,
Collective Artists Network,Agency,India,Amit Mishra,Bollywood Playback,,https://collectiveartists.com,agent,
Collective Artists Network,Agency,India,Sunidhi Chauhan,Bollywood Playback / Pop,,https://collectiveartists.com,agent,
Collective Artists Network,Management,India,Diljit Dosanjh,Punjabi Pop,,https://collectiveartists.com,labels_agencies_roster,
Collective Artists Network,Management,India,Bhuvan Bam,Comedy / Music,,https://collectiveartists.com,labels_agencies_roster,
Krunk Live,Agency,India,Anushka,Drum & Bass / Electronic,,https://krunklive.com,agent,
Krunk Live,Agency,India,Madboy/Mink,Electronic,,https://krunklive.com,labels_agencies_roster,
Krunk Live,Agency,India,MALFNKTION,Electronic,,https://krunklive.com,labels_agencies_roster,
Krunk Live,Agency,India,Oceantied,Electronic,,https://krunklive.com,labels_agencies_roster,
Krunk Live,Agency,India,FOPCHU,Electronic,,https://krunklive.com,labels_agencies_roster,
Krunk Live,Agency,India,Sandunes,Electronic,,https://krunklive.com,labels_agencies_roster,
Krunk Live,Agency,India,Delhi Sultanate,Reggae / Dub,,https://krunklive.com,labels_agencies_roster,
Krunk Live,Agency,India,Dualist Inquiry,Electronic,,https://krunklive.com,labels_agencies_roster,
Krunk Live,Agency,India,Shaai'r & Func,Electronic,,https://krunklive.com,labels_agencies_roster,
MGMH (Music Gets Me High),Agency,India,Jalebee Cartel,Electronic,,https://mgmh.net,agent,
MGMH (Music Gets Me High),Agency,India,Kailasa,Fusion / Devotional,,https://mgmh.net,agent,
MGMH (Music Gets Me High),Agency,India,Nucleya,Electronic / Bass,,https://mgmh.net,agent,
MGMH (Music Gets Me High),Agency,India,Prateek Kuhad,Indie Folk / Singer-Songwriter,,https://mgmh.net,agent,
MGMH (Music Gets Me High),Agency,India,Amit Trivedi,Indie / Bollywood,,https://mgmh.net,labels_agencies_roster,
MGMH (Music Gets Me High),Agency,India,Farhan Akhtar,Indie / Bollywood,,https://mgmh.net,labels_agencies_roster,
Mixtape Live,Agency,India,Pentagram,Rock/Metal,,https://mixtapelive.in,agent,
Mixtape Live,Agency,India,Naezy,Hip-Hop/Rap,,https://mixtapelive.in,agent,
Mixtape Live,Agency,India,Skyharbor,Progressive Metal,,https://mixtapelive.in,agent,
Mixtape Live,Agency,India,Grain,Indie Rock,,https://mixtapelive.in,agent,
Mixtape Live,Agency,India,Voctronica,A Cappella,,https://mixtapelive.in,agent,
Mixtape Live,Agency,India,OX7GEN,Electronic,,https://mixtapelive.in,agent,
Mixtape Live,Agency,India,Paraphoniks,Hip-Hop,,https://mixtapelive.in,agent,
Mixtape Live,Agency,India,Scribe,Hip-Hop,,https://mixtapelive.in,agent,
Mixtape Live,Agency,India,Bhayanak Maut,Death Metal,,https://mixtapelive.in,agent,
Mixtape Live,Agency,India,Sahil Vasudeva,Classical Piano / Fusion,,https://mixtapelive.in,agent,
Mixtape Live,Agency,India,Sandunes,Electronic / Indie,,https://mixtapelive.in,agent,
Mixtape Live,Agency,India,Nikhil D'Souza,Indie Pop / Singer-Songwriter,,https://mixtapelive.in,agent,
Mixtape Live,Agency,India,Donn Bhat + Passenger Revelator,Indie Rock,,https://mixtapelive.in,agent,
Mixtape Live,Agency,India,Abhi Meer,Indie Pop,,https://mixtapelive.in,agent,
Mixtape Live,Agency,India,Dhruv Ghanekar,Fusion Guitar,,https://mixtapelive.in,agent,
Mixtape Live,Agency,India,Swarathma,Folk Rock,,https://mixtapelive.in,agent,
Mixtape Live,Agency,India,Dhruv Visvanath,Acoustic / Indie,,https://mixtapelive.in,agent,
Mixtape Live,Agency,India,Benny Dayal & Funktuation,Funk / Pop,,https://mixtapelive.in,agent,
Mixtape Live,Agency,India,Brodha V,Hip-Hop / Rap,,https://mixtapelive.in,agent,
Mixtape Live,Agency,India,Bombay Bassment,Funk / Soul / Retro,,https://mixtapelive.in,agent,
Mixtape Live,Agency,India,Vasuda Sharma,Indie Folk,,https://mixtapelive.in,agent,
Mixtape Live,Agency,India,Motherjane,Progressive Rock,,https://mixtapelive.in,agent,
Mixtape Live,Agency,India,Easy Wanderlings,Indie Folk,,https://mixtapelive.in,agent,
Mixtape Live,Agency,India,Borkung Hrangkhawl,Folk,,https://mixtapelive.in,agent,
Mixtape Live,Agency,India,Benny Dayal,Indie / Bollywood,,https://mixtapelive.in,labels_agencies_roster,
Mixtape Live,Agency,India,Donn Bhat,Indie,,https://mixtapelive.in,labels_agencies_roster,
Mixtape Live,Agency,India,_RHL,Electronic,,https://mixtapelive.in,labels_agencies_roster,
REPRESENT,Agency,India,Armaan Malik,Indie Pop / Bollywood,,https://representmgmt.in,agent,
REPRESENT,Agency,India,Anuv Jain,Indie Pop / Singer-Songwriter,,https://representmgmt.in,agent,
REPRESENT,Agency,India,MC Stan,Hip-Hop / Rap,,https://representmgmt.in,agent,
REPRESENT,Agency,India,Zaeden,EDM / Electronic,,https://representmgmt.in,agent,
REPRESENT,Agency,India,Lost Stories,EDM / Electronic,,https://representmgmt.in,agent,
REPRESENT,Agency,India,DJ Chetas,EDM / Bollywood DJ,,https://representmgmt.in,agent,
REPRESENT,Agency,India,Yashraj,Indie Pop,,https://representmgmt.in,agent,
REPRESENT,Agency,India,Hanita Bhambri,Indie Pop,,https://representmgmt.in,agent,
REPRESENT,Agency,India,Akanksha Bhandari,Indie Pop,,https://representmgmt.in,agent,
REPRESENT,Agency,India,Kamakshi Khanna,Indie Pop / R&B,,https://representmgmt.in,agent,
REPRESENT,Agency,India,OAFF,Indie Electronic / Ambient,,https://representmgmt.in,agent,
REPRESENT,Agency,India,Lisa Mishra,Pop,,https://representmgmt.in,agent,
REPRESENT,Agency,India,Saahel,Indie Pop,,https://representmgmt.in,agent,
REPRESENT,Agency,India,Savera,Indie Pop,,https://representmgmt.in,agent,
REPRESENT,Agency,India,Kayan,Indie,,https://representmgmt.in,agent,
REPRESENT,Agency,India,Jai Dhir,Indie,,https://representmgmt.in,agent,
4AD,Label,UK/USA,The National,Indie Rock,,https://4ad.com,labels_agencies_roster,
4AD,Label,UK/USA,Big Thief,Indie Folk,,https://4ad.com,labels_agencies_roster,
4AD,Label,UK/USA,Adrianne Lenker,Folk,,https://4ad.com,labels_agencies_roster,
4AD,Label,UK/USA,Dry Cleaning,Post-Punk,,https://4ad.com,labels_agencies_roster,
4AD,Label,UK/USA,Deerhunter,Indie Rock,,https://4ad.com,labels_agencies_roster,
4AD,Label,UK/USA,Future Islands,Synth-Pop,,https://4ad.com,labels_agencies_roster,
4AD,Label,UK/USA,Aldous Harding,Art Pop,,https://4ad.com,labels_agencies_roster,
4AD,Label,UK/USA,Purity Ring,Electronic,,https://4ad.com,labels_agencies_roster,
4AD,Label,UK/USA,Bartees Strange,Indie Rock,,https://4ad.com,labels_agencies_roster,
4AD,Label,UK/USA,U.S. Girls,Art Pop,,https://4ad.com,labels_agencies_roster,
4AD,Label,UK/USA,Helado Negro,Indie Pop,,https://4ad.com,labels_agencies_roster,
4AD,Label,UK/USA,Erika de Casier,R&B,,https://4ad.com,labels_agencies_roster,
4AD,Label,UK/USA,Dead Can Dance,Gothic / Neoclassical,,https://4ad.com,labels_agencies_roster,
4AD,Label,UK/USA,Pixies,Alternative Rock,,https://4ad.com,labels_agencies_roster,
4AD,Label,UK/USA,The Lemon Twigs,Pop Rock,,https://4ad.com,labels_agencies_roster,
Atlantic Records (WMG),Label,USA,Bruno Mars,Pop / R&B,,https://atlanticrecords.com,labels_agencies_roster,
Atlantic Records (WMG),Label,USA,Cardi B,Hip-Hop,,https://atlanticrecords.com,labels_agencies_roster,
Atlantic Records (WMG),Label,USA,Ed Sheeran,Pop,,https://atlanticrecords.com,labels_agencies_roster,
Atlantic Records (WMG),Label,USA,Coldplay,Alternative,,https://atlanticrecords.com,labels_agencies_roster,
Atlantic Records (WMG),Label,USA,Dua Lipa,Pop,,https://atlanticrecords.com,labels_agencies_roster,
Atlantic Records (WMG),Label,USA,Lizzo,Pop / R&B,,https://atlanticrecords.com,labels_agencies_roster,
Atlantic Records (WMG),Label,USA,Burna Boy,Afrobeats,,https://atlanticrecords.com,labels_agencies_roster,
Atlantic Records (WMG),Label,USA,100 gecs,Electronic,,https://atlanticrecords.com,labels_agencies_roster,
Atlantic Records (WMG),Label,USA,Briston Maroney,Indie Rock,,https://atlanticrecords.com,labels_agencies_roster,
CAA (Creative Artists Agency),Label,USA,Ariana Grande,Pop / R&B,,https://www.caa.com,agent,
CAA (Creative Artists Agency),Label,USA,Lady Gaga,Pop / Dance / Art Pop,,https://www.caa.com,agent,
CAA (Creative Artists Agency),Label,USA,Justin Bieber,Pop,,https://www.caa.com,agent,
CAA (Creative Artists Agency),Label,USA,The Weeknd,R&B / Pop,,https://www.caa.com,agent,
CAA (Creative Artists Agency),Label,USA,Red Hot Chili Peppers,Rock / Funk Rock,,https://www.caa.com,agent,
CAA (Creative Artists Agency),Label,USA,Bon Jovi,Rock,,https://www.caa.com,agent,
CAA (Creative Artists Agency),Label,USA,Eric Clapton,Blues / Rock,,https://www.caa.com,agent,
CAA (Creative Artists Agency),Label,USA,Charli XCX,Hyperpop / Pop,,https://www.caa.com,agent,
CAA (Creative Artists Agency),Label,USA,Stormzy,Grime / Hip-Hop,,https://www.caa.com,agent,
CAA (Creative Artists Agency),Label,USA,Shawn Mendes,Pop,,https://www.caa.com,agent,
CAA (Creative Artists Agency),Label,USA,Vampire Weekend,Indie Rock,,https://www.caa.com,agent,
CAA (Creative Artists Agency),Label,USA,Bon Iver,Indie Folk,,https://www.caa.com,agent,
CAA (Creative Artists Agency),Label,USA,Mumford & Sons,Folk Rock,,https://www.caa.com,agent,
Capitol Records (UMG),Label,USA,Sam Smith,Pop,,https://capitolrecords.com,labels_agencies_roster,
Capitol Records (UMG),Label,USA,Katy Perry,Pop,,https://capitolrecords.com,labels_agencies_roster,
Capitol Records (UMG),Label,USA,Halsey,Pop / Alternative,,https://capitolrecords.com,labels_agencies_roster,
Capitol Records (UMG),Label,USA,Troye Sivan,Pop,,https://capitolrecords.com,labels_agencies_roster,
Capitol Records (UMG),Label,USA,Kali Uchis,R&B / Pop,,https://capitolrecords.com,labels_agencies_roster,
Capitol Records (UMG),Label,USA,Kings of Leon,Rock,,https://capitolrecords.com,labels_agencies_roster,
Capitol Records (UMG),Label,USA,Ice Spice,Hip-Hop,,https://capitolrecords.com,labels_agencies_roster,
Capitol Records (UMG),Label,USA,Hanumankind,Hip-Hop,,https://capitolrecords.com,labels_agencies_roster,
Collective Artists (Australia),Label,Australia,Aldous Harding,Art Pop / Indie Folk,,https://www.collectiveartists.com.au,agent,
Collective Artists (Australia),Label,Australia,Alice Skye,Indie Pop,,https://www.collectiveartists.com.au,agent,
Collective Artists (Australia),Label,Australia,Bananagun,Psychedelic Pop / Indie,,https://www.collectiveartists.com.au,agent,
Collective Artists (Australia),Label,Australia,Body Type,Indie Rock / Post-Punk,,https://www.collectiveartists.com.au,agent,
Collective Artists (Australia),Label,Australia,Cable Ties,Punk Rock / Indie Rock,,https://www.collectiveartists.com.au,agent,
Collective Artists (Australia),Label,Australia,D.D Dumbo,Art Pop / Indie,,https://www.collectiveartists.com.au,agent,
Collective Artists (Australia),Label,Australia,Eliza Hull,Indie Pop / Alternative,,https://www.collectiveartists.com.au,agent,
Collective Artists (Australia),Label,Australia,Gena Rose Bruce,Indie Folk / Country,,https://www.collectiveartists.com.au,agent,
Collective Artists (Australia),Label,Australia,Good Morning,Indie Rock / Lo-fi,,https://www.collectiveartists.com.au,agent,
Collective Artists (Australia),Label,Australia,Annie Hamilton,Indie Pop,,https://www.collectiveartists.com.au,agent,
Collective Artists (Australia),Label,Australia,Sarah Blasko,Indie Pop / Alternative,,https://www.collectiveartists.com.au,agent,
Collective Artists (Australia),Label,Australia,Tia Gostelow,Indie Pop / Bedroom Pop,,https://www.collectiveartists.com.au,agent,
Columbia Records (Sony),Label,USA,Adele,Pop / Soul,,https://columbiarecords.com,labels_agencies_roster,
Columbia Records (Sony),Label,USA,Beyonce,Pop / R&B,,https://columbiarecords.com,labels_agencies_roster,
Columbia Records (Sony),Label,USA,Hozier,Indie Folk / Soul,,https://columbiarecords.com,labels_agencies_roster,
Columbia Records (Sony),Label,USA,Calvin Harris,Electronic / Pop,,https://columbiarecords.com,labels_agencies_roster,
Columbia Records (Sony),Label,USA,Harry Styles,Pop,,https://columbiarecords.com,labels_agencies_roster,
Columbia Records (Sony),Label,USA,George Ezra,Indie Pop,,https://columbiarecords.com,labels_agencies_roster,
Columbia Records (Sony),Label,USA,Central Cee,Hip-Hop,,https://columbiarecords.com,labels_agencies_roster,
Dead Oceans,Label,USA,Japanese Breakfast,Indie Pop,,https://deadoceans.com,labels_agencies_roster,
Dead Oceans,Label,USA,Mitski,Indie Rock,,https://deadoceans.com,labels_agencies_roster,
Dead Oceans,Label,USA,Khruangbin,Psychedelic / Funk,,https://deadoceans.com,labels_agencies_roster,
Dead Oceans,Label,USA,Phoebe Bridgers,Indie Folk,,https://deadoceans.com,labels_agencies_roster,
Dead Oceans,Label,USA,Bright Eyes,Indie Folk,,https://deadoceans.com,labels_agencies_roster,
Dead Oceans,Label,USA,Toro y Moi,Chillwave / Indie,,https://deadoceans.com,labels_agencies_roster,
Dead Oceans,Label,USA,Kevin Morby,Indie Rock,,https://deadoceans.com,labels_agencies_roster,
Dead Oceans,Label,USA,Cassandra Jenkins,Indie Folk,,https://deadoceans.com,labels_agencies_roster,
Dead Oceans,Label,USA,Wednesday,Country / Indie,,https://deadoceans.com,labels_agencies_roster,
Dead Oceans,Label,USA,Slowdive,Shoegaze,,https://deadoceans.com,labels_agencies_roster,
Dead Oceans,Label,USA,Durand Jones & The Indications,Soul,,https://deadoceans.com,labels_agencies_roster,
Dead Oceans,Label,USA,Avalon Emerson,Electronic,,https://deadoceans.com,labels_agencies_roster,
Dead Oceans,Label,USA,Scowl,Hardcore,,https://deadoceans.com,labels_agencies_roster,
Dead Oceans,Label,USA,Fenne Lily,Indie Folk,,https://deadoceans.com,labels_agencies_roster,
Dead Oceans,Label,USA,Devendra Banhart,Freak Folk,,https://deadoceans.com,labels_agencies_roster,
Def Jam Recordings (UMG),Label,USA,Rihanna,Pop / R&B,,https://defjam.com,labels_agencies_roster,
Def Jam Recordings (UMG),Label,USA,Justin Bieber,Pop,,https://defjam.com,labels_agencies_roster,
Def Jam Recordings (UMG),Label,USA,Alessia Cara,Pop,,https://defjam.com,labels_agencies_roster,
Def Jam Recordings (UMG),Label,USA,Coco Jones,R&B,,https://defjam.com,labels_agencies_roster,
Def Jam Recordings (UMG),Label,USA,Logic,Hip-Hop,,https://defjam.com,labels_agencies_roster,
Domino Recording Co.,Label,UK,Arctic Monkeys,Indie Rock,,https://dominomusic.com,labels_agencies_roster,
Domino Recording Co.,Label,UK,Franz Ferdinand,Indie Rock,,https://dominomusic.com,labels_agencies_roster,
Domino Recording Co.,Label,UK,Hot Chip,Electronic,,https://dominomusic.com,labels_agencies_roster,
Domino Recording Co.,Label,UK,Jon Hopkins,Electronic,,https://dominomusic.com,labels_agencies_roster,
Domino Recording Co.,Label,UK,Georgia,Pop / Electronic,,https://dominomusic.com,labels_agencies_roster,
Domino Recording Co.,Label,UK,Anna Calvi,Art Rock,,https://dominomusic.com,labels_agencies_roster,
Domino Recording Co.,Label,UK,Animal Collective,Experimental,,https://dominomusic.com,labels_agencies_roster,
Domino Recording Co.,Label,UK,Cat Power,Indie Folk,,https://dominomusic.com,labels_agencies_roster,
Domino Recording Co.,Label,UK,Cinematic Orchestra,Electronic / Jazz,,https://dominomusic.com,labels_agencies_roster,
Domino Recording Co.,Label,UK,Dirty Projectors,Indie,,https://dominomusic.com,labels_agencies_roster,
Domino Recording Co.,Label,UK,Fat White Family,Indie Rock,,https://dominomusic.com,labels_agencies_roster,
Domino Recording Co.,Label,UK,Alex G,Indie,,https://dominomusic.com,labels_agencies_roster,
Domino Recording Co.,Label,UK,Cass McCombs,Indie Folk,,https://dominomusic.com,labels_agencies_roster,
Domino Recording Co.,Label,UK,Daniel Avery,Electronic,,https://dominomusic.com,labels_agencies_roster,
Domino Recording Co.,Label,UK,Ela Minus,Electronic,,https://dominomusic.com,labels_agencies_roster,
Domino Recording Co.,Label,UK,Superorganism,Indie Pop,,https://dominomusic.com,labels_agencies_roster,
Domino Recording Co.,Label,UK,Fat Dog,Indie,,https://dominomusic.com,labels_agencies_roster,
Domino Recording Co.,Label,UK,Blood Orange,R&B / Pop,,https://dominomusic.com,labels_agencies_roster,
Elektra Records (WMG),Label,USA,twenty one pilots,Pop / Alternative,,https://elektra.com,labels_agencies_roster,
Elektra Records (WMG),Label,USA,Brandi Carlile,Americana / Folk,,https://elektra.com,labels_agencies_roster,
Elektra Records (WMG),Label,USA,Fitz and The Tantrums,Pop / Funk,,https://elektra.com,labels_agencies_roster,
Elektra Records (WMG),Label,USA,Tones and I,Pop,,https://elektra.com,labels_agencies_roster,
Elektra Records (WMG),Label,USA,Kaleo,Indie Rock,,https://elektra.com,labels_agencies_roster,
Elektra Records (WMG),Label,USA,Slipknot,Metal,,https://elektra.com,labels_agencies_roster,
Epic Records (Sony),Label,USA,Travis Scott,Hip-Hop,,https://epicrecords.com,labels_agencies_roster,
Epic Records (Sony),Label,USA,Future,Hip-Hop,,https://epicrecords.com,labels_agencies_roster,
Epic Records (Sony),Label,USA,21 Savage,Hip-Hop,,https://epicrecords.com,labels_agencies_roster,
Epic Records (Sony),Label,USA,Tyla,Afropop / R&B,,https://epicrecords.com,labels_agencies_roster,
Epic Records (Sony),Label,USA,Giveon,R&B,,https://epicrecords.com,labels_agencies_roster,
Epic Records (Sony),Label,USA,Fiona Apple,Art Pop,,https://epicrecords.com,labels_agencies_roster,
Epic Records (Sony),Label,USA,Zara Larsson,Pop,,https://epicrecords.com,labels_agencies_roster,
Hyperdub,Label,UK,Burial,Electronic,,https://hyperdub.net,labels_agencies_roster,
Hyperdub,Label,UK,Jessy Lanza,Electronic,,https://hyperdub.net,labels_agencies_roster,
Hyperdub,Label,UK,Laurel Halo,Electronic,,https://hyperdub.net,labels_agencies_roster,
Hyperdub,Label,UK,Loraine James,Electronic,,https://hyperdub.net,labels_agencies_roster,
Hyperdub,Label,UK,Klein,Electronic / Experimental,,https://hyperdub.net,labels_agencies_roster,
Hyperdub,Label,UK,Ikonika,Electronic,,https://hyperdub.net,labels_agencies_roster,
Hyperdub,Label,UK,Fatima Al Qadiri,Electronic,,https://hyperdub.net,labels_agencies_roster,
Hyperdub,Label,UK,aya,Electronic / Experimental,,https://hyperdub.net,labels_agencies_roster,
Hyperdub,Label,UK,Nazar,Electronic,,https://hyperdub.net,labels_agencies_roster,
Hyperdub,Label,UK,Foodman,Electronic / Footwork,,https://hyperdub.net,labels_agencies_roster,
Interscope Records (UMG),Label,USA,Lady Gaga,Pop,,https://interscope.com,labels_agencies_roster,
Interscope Records (UMG),Label,USA,Billie Eilish,Pop,,https://interscope.com,labels_agencies_roster,
Interscope Records (UMG),Label,USA,Olivia Rodrigo,Pop,,https://interscope.com,labels_agencies_roster,
Interscope Records (UMG),Label,USA,Kendrick Lamar,Hip-Hop,,https://interscope.com,labels_agencies_roster,
Interscope Records (UMG),Label,USA,Lana Del Rey,Indie Pop,,https://interscope.com,labels_agencies_roster,
Interscope Records (UMG),Label,USA,Eminem,Hip-Hop,,https://interscope.com,labels_agencies_roster,
Interscope Records (UMG),Label,USA,Dr. Dre,Hip-Hop,,https://interscope.com,labels_agencies_roster,
Interscope Records (UMG),Label,USA,Imagine Dragons,Pop Rock,,https://interscope.com,labels_agencies_roster,
Interscope Records (UMG),Label,USA,Selena Gomez,Pop,,https://interscope.com,labels_agencies_roster,
Interscope Records (UMG),Label,USA,Blackpink,K-Pop,,https://interscope.com,labels_agencies_roster,
Interscope Records (UMG),Label,USA,Playboi Carti,Hip-Hop,,https://interscope.com,labels_agencies_roster,
Island Records (UMG),Label,UK/USA,Hozier,Indie Folk / Soul,,https://islandrecords.co.uk,labels_agencies_roster,
Island Records (UMG),Label,UK/USA,Dermot Kennedy,Indie Folk,,https://islandrecords.co.uk,labels_agencies_roster,
Island Records (UMG),Label,UK/USA,Sabrina Carpenter,Pop,,https://islandrecords.co.uk,labels_agencies_roster,
Island Records (UMG),Label,UK/USA,Shawn Mendes,Pop,,https://islandrecords.co.uk,labels_agencies_roster,
Island Records (UMG),Label,UK/USA,Suki Waterhouse,Indie Pop,,https://islandrecords.co.uk,labels_agencies_roster,
ITB (International Talent Booking),Label,UK,Aerosmith,Hard Rock,,https://www.itb.co.uk,agent,
ITB (International Talent Booking),Label,UK,Biffy Clyro,Rock / Alt Rock,,https://www.itb.co.uk,agent,
ITB (International Talent Booking),Label,UK,Maroon 5,Pop Rock,,https://www.itb.co.uk,agent,
ITB (International Talent Booking),Label,UK,Lenny Kravitz,Rock / Funk,,https://www.itb.co.uk,agent,
ITB (International Talent Booking),Label,UK,Neil Young,Rock / Folk Rock,,https://www.itb.co.uk,agent,
ITB (International Talent Booking),Label,UK,Pearl Jam,Alternative Rock / Grunge,,https://www.itb.co.uk,agent,
ITB (International Talent Booking),Label,UK,Adele,Pop / Soul,,https://www.itb.co.uk,agent,
ITB (International Talent Booking),Label,UK,Mumford & Sons,Folk Rock,,https://www.itb.co.uk,agent,
ITB (International Talent Booking),Label,UK,Morrissey,Indie Rock / Post-Punk,,https://www.itb.co.uk,agent,
ITB (International Talent Booking),Label,UK,Fountains of Wayne,Power Pop / Rock,,https://www.itb.co.uk,agent,
ITB (International Talent Booking),Label,UK,Emiliana Torrini,Indie Pop / Folk,,https://www.itb.co.uk,agent,
Jagjaguwar,Label,USA,Bon Iver,Indie Folk,,https://jagjaguwar.com,labels_agencies_roster,
Jagjaguwar,Label,USA,Unknown Mortal Orchestra,Psychedelic Pop,,https://jagjaguwar.com,labels_agencies_roster,
Jagjaguwar,Label,USA,Sharon Van Etten,Indie Rock,,https://jagjaguwar.com,labels_agencies_roster,
Jagjaguwar,Label,USA,Angel Olsen,Indie Rock,,https://jagjaguwar.com,labels_agencies_roster,
Jagjaguwar,Label,USA,Dinosaur Jr.,Alternative Rock,,https://jagjaguwar.com,labels_agencies_roster,
Jagjaguwar,Label,USA,Jamila Woods,R&B / Soul,,https://jagjaguwar.com,labels_agencies_roster,
Jagjaguwar,Label,USA,Moses Sumney,R&B / Art Pop,,https://jagjaguwar.com,labels_agencies_roster,
Jagjaguwar,Label,USA,Lonnie Holley,Experimental / Folk,,https://jagjaguwar.com,labels_agencies_roster,
Jagjaguwar,Label,USA,Gia Margaret,Dream Pop,,https://jagjaguwar.com,labels_agencies_roster,
Jagjaguwar,Label,USA,They Hate Change,Hip-Hop,,https://jagjaguwar.com,labels_agencies_roster,
Jagjaguwar,Label,USA,Chanel Beads,Electronic,,https://jagjaguwar.com,labels_agencies_roster,
Matador Records,Label,USA,Yo La Tengo,Indie Rock,,https://matadorrecords.com,labels_agencies_roster,
Matador Records,Label,USA,Snail Mail,Indie Rock,,https://matadorrecords.com,labels_agencies_roster,
Matador Records,Label,USA,Perfume Genius,Art Pop,,https://matadorrecords.com,labels_agencies_roster,
Matador Records,Label,USA,Car Seat Headrest,Indie Rock,,https://matadorrecords.com,labels_agencies_roster,
Matador Records,Label,USA,Kim Gordon,Noise / Art Rock,,https://matadorrecords.com,labels_agencies_roster,
Matador Records,Label,USA,Interpol,Post-Punk,,https://matadorrecords.com,labels_agencies_roster,
Matador Records,Label,USA,Lucy Dacus,Indie Folk,,https://matadorrecords.com,labels_agencies_roster,
Matador Records,Label,USA,Horsegirl,Indie Rock,,https://matadorrecords.com,labels_agencies_roster,
Matador Records,Label,USA,bar italia,Post-Punk,,https://matadorrecords.com,labels_agencies_roster,
Matador Records,Label,USA,Kurt Vile,Indie Rock,,https://matadorrecords.com,labels_agencies_roster,
Matador Records,Label,USA,Spoon,Indie Rock,,https://matadorrecords.com,labels_agencies_roster,
Matador Records,Label,USA,Mdou Moctar,Tuareg / Rock,,https://matadorrecords.com,labels_agencies_roster,
Matador Records,Label,USA,Pavement,Indie Rock,,https://matadorrecords.com,labels_agencies_roster,
Matador Records,Label,USA,Cat Power,Indie Folk,,https://matadorrecords.com,labels_agencies_roster,
Matador Records,Label,USA,Algiers,Post-Punk,,https://matadorrecords.com,labels_agencies_roster,
Matador Records,Label,USA,Water From Your Eyes,Experimental,,https://matadorrecords.com,labels_agencies_roster,
Matador Records,Label,USA,courtney barnett,Indie Rock,,https://matadorrecords.com,labels_agencies_roster,
Merge Records,Label,USA,Superchunk,Indie Rock,,https://mergerecords.com,labels_agencies_roster,
Merge Records,Label,USA,Neutral Milk Hotel,Indie Folk,,https://mergerecords.com,labels_agencies_roster,
Merge Records,Label,USA,The New Pornographers,Indie Rock,,https://mergerecords.com,labels_agencies_roster,
Merge Records,Label,USA,Magnetic Fields,Indie Pop,,https://mergerecords.com,labels_agencies_roster,
Merge Records,Label,USA,Caribou,Electronic / Psychedelic,,https://mergerecords.com,labels_agencies_roster,
Merge Records,Label,USA,Camera Obscura,Indie Pop,,https://mergerecords.com,labels_agencies_roster,
Merge Records,Label,USA,Destroyer,Indie,,https://mergerecords.com,labels_agencies_roster,
Merge Records,Label,USA,Bob Mould,Indie Rock,,https://mergerecords.com,labels_agencies_roster,
Merge Records,Label,USA,Teenage Fanclub,Indie Pop,,https://mergerecords.com,labels_agencies_roster,
Merge Records,Label,USA,Hiss Golden Messenger,Americana,,https://mergerecords.com,labels_agencies_roster,
Merge Records,Label,USA,Mikal Cronin,Indie Rock,,https://mergerecords.com,labels_agencies_roster,
Merge Records,Label,USA,Fucked Up,Hardcore Punk,,https://mergerecords.com,labels_agencies_roster,
Merge Records,Label,USA,Lambchop,Alternative Country,,https://mergerecords.com,labels_agencies_roster,
Ninja Tune,Label,UK,Bonobo,Electronic,,https://ninjatune.net,labels_agencies_roster,
Ninja Tune,Label,UK,Floating Points,Electronic / Jazz,,https://ninjatune.net,labels_agencies_roster,
Ninja Tune,Label,UK,Bicep,Electronic,,https://ninjatune.net,labels_agencies_roster,
Ninja Tune,Label,UK,Young Fathers,Hip-Hop / Alternative,,https://ninjatune.net,labels_agencies_roster,
Ninja Tune,Label,UK,Sampa The Great,Hip-Hop,,https://ninjatune.net,labels_agencies_roster,
Ninja Tune,Label,UK,Cinematic Orchestra,Electronic / Jazz,,https://ninjatune.net,labels_agencies_roster,
Ninja Tune,Label,UK,Black Country New Road,Indie Rock,,https://ninjatune.net,labels_agencies_roster,
Ninja Tune,Label,UK,ODESZA,Electronic,,https://ninjatune.net,labels_agencies_roster,
Ninja Tune,Label,UK,Maribou State,Electronic,,https://ninjatune.net,labels_agencies_roster,
Ninja Tune,Label,UK,Nilufer Yanya,Indie,,https://ninjatune.net,labels_agencies_roster,
Ninja Tune,Label,UK,Peggy Gou,Electronic,,https://ninjatune.net,labels_agencies_roster,
Ninja Tune,Label,UK,Barry Can't Swim,Electronic,,https://ninjatune.net,labels_agencies_roster,
Ninja Tune,Label,UK,Jordan Rakei,Soul / R&B,,https://ninjatune.net,labels_agencies_roster,
Ninja Tune,Label,UK,Little Dragon,Electronic / Pop,,https://ninjatune.net,labels_agencies_roster,
Ninja Tune,Label,UK,Tycho,Electronic,,https://ninjatune.net,labels_agencies_roster,
Ninja Tune,Label,UK,Modeselektor,Electronic,,https://ninjatune.net,labels_agencies_roster,
Ninja Tune,Label,UK,Glass Beams,Psychedelic / Rock,,https://ninjatune.net,labels_agencies_roster,
Ninja Tune,Label,UK,TSHA,Electronic,,https://ninjatune.net,labels_agencies_roster,
Ninja Tune,Label,UK,PVA,Electronic / Post-Punk,,https://ninjatune.net,labels_agencies_roster,
Ninja Tune,Label,UK,Metronomy,Indie Pop / Electronic,,https://ninjatune.net,labels_agencies_roster,
Ninja Tune,Label,UK,Amon Tobin,Electronic,,https://ninjatune.net,labels_agencies_roster,
Ninja Tune,Label,UK,yeule,Dream Pop / Electronic,,https://ninjatune.net,labels_agencies_roster,
Parlophone (WMG),Label,UK,Coldplay,Alternative,,https://parlophonerecords.com,labels_agencies_roster,
Parlophone (WMG),Label,UK,Gorillaz,Alternative / Electronic,,https://parlophonerecords.com,labels_agencies_roster,
Parlophone (WMG),Label,UK,PinkPantheress,Pop / Dance,,https://parlophonerecords.com,labels_agencies_roster,
Parlophone (WMG),Label,UK,Victoria Canal,Pop,,https://parlophonerecords.com,labels_agencies_roster,
Parlophone (WMG),Label,UK,David Guetta,Electronic,,https://parlophonerecords.com,labels_agencies_roster,
Polydor (UMG),Label,UK,Ellie Goulding,Pop,,https://polydor.co.uk,labels_agencies_roster,
Polydor (UMG),Label,UK,Mabel,Pop,,https://polydor.co.uk,labels_agencies_roster,
Polydor (UMG),Label,UK,Olivia Dean,Soul / Pop,,https://polydor.co.uk,labels_agencies_roster,
Polydor (UMG),Label,UK,Kaiser Chiefs,Indie Rock,,https://polydor.co.uk,labels_agencies_roster,
Primary Talent International,Label,UK,The 1975,Indie Pop / Alt Rock,,https://primarytalent.com,agent,
Primary Talent International,Label,UK,Noel Gallagher's High Flying Birds,Indie Rock,,https://primarytalent.com,agent,
Primary Talent International,Label,UK,alt-J,Indie Rock / Art Rock,,https://primarytalent.com,agent,
Primary Talent International,Label,UK,Rina Sawayama,Pop / Art Pop,,https://primarytalent.com,agent,
Primary Talent International,Label,UK,Catfish and the Bottlemen,Indie Rock,,https://primarytalent.com,agent,
Primary Talent International,Label,UK,Beabadoobee,Indie Pop / Dream Pop,,https://primarytalent.com,agent,
Primary Talent International,Label,UK,Mitski,Indie Rock / Art Pop,,https://primarytalent.com,agent,
Primary Talent International,Label,UK,Kings of Leon,Rock,,https://primarytalent.com,agent,
Primary Talent International,Label,UK,Pet Shop Boys,Synth-Pop / Electronic,,https://primarytalent.com,agent,
Primary Talent International,Label,UK,Patti Smith,Punk Rock / Poetry,,https://primarytalent.com,agent,
Primary Talent International,Label,UK,Regina Spektor,Indie Pop / Singer-Songwriter,,https://primarytalent.com,agent,
Primary Talent International,Label,UK,Rufus Wainwright,Pop / Classical,,https://primarytalent.com,agent,
Primary Talent International,Label,UK,Basement Jaxx,Electronic / Dance,,https://primarytalent.com,agent,
Primary Talent International,Label,UK,Boys Noize,Techno / Electronic,,https://primarytalent.com,agent,
Primary Talent International,Label,UK,Justice,Electronic / French House,,https://primarytalent.com,agent,
Primary Talent International,Label,UK,A-Trak,Hip-Hop / DJ / Electronic,,https://primarytalent.com,agent,
Primary Talent International,Label,UK,Indigo Girls,Folk Rock,,https://primarytalent.com,agent,
Primary Talent International,Label,UK,Imogen Heap,Electronic / Art Pop,,https://primarytalent.com,agent,
Primary Talent International,Label,UK,Ethel Cain,Dark Pop / Alternative,,https://primarytalent.com,agent,
Primary Talent International,Label,UK,Steve Winwood,Rock / R&B,,https://primarytalent.com,agent,
Primary Talent International,Label,UK,Engelbert Humperdinck,Pop / Easy Listening,,https://primarytalent.com,agent,
Primary Talent International,Label,UK,GRiZ,Funk / Electronic,,https://primarytalent.com,agent,
Primary Talent International,Label,UK,Kneecap,Irish Rap,,https://primarytalent.com,agent,
Primary Talent International,Label,UK,REZZ,Techno / Electronic,,https://primarytalent.com,agent,
Primary Talent International,Label,UK,Slowdive,Shoegaze / Dream Pop,,https://primarytalent.com,agent,
RCA Records (Sony),Label,USA,Beyonce,Pop / R&B,,https://rcarecords.com,labels_agencies_roster,
RCA Records (Sony),Label,USA,SZA,R&B,,https://rcarecords.com,labels_agencies_roster,
RCA Records (Sony),Label,USA,Doja Cat,Pop / Hip-Hop,,https://rcarecords.com,labels_agencies_roster,
RCA Records (Sony),Label,USA,Travis Scott,Hip-Hop,,https://rcarecords.com,labels_agencies_roster,
RCA Records (Sony),Label,USA,Miley Cyrus,Pop,,https://rcarecords.com,labels_agencies_roster,
RCA Records (Sony),Label,USA,Pink,Pop / Rock,,https://rcarecords.com,labels_agencies_roster,
RCA Records (Sony),Label,USA,H.E.R.,R&B,,https://rcarecords.com,labels_agencies_roster,
RCA Records (Sony),Label,USA,Lil Nas X,Pop / Hip-Hop,,https://rcarecords.com,labels_agencies_roster,
RCA Records (Sony),Label,USA,Myles Smith,Indie Pop,,https://rcarecords.com,labels_agencies_roster,
RCA Records (Sony),Label,USA,Bring Me The Horizon,Rock,,https://rcarecords.com,labels_agencies_roster,
RCA Records (Sony),Label,USA,Sleep Token,Metal,,https://rcarecords.com,labels_agencies_roster,
Republic Records (UMG),Label,USA,Taylor Swift,Pop,,https://republicrecords.com,labels_agencies_roster,
Republic Records (UMG),Label,USA,Drake,Hip-Hop,,https://republicrecords.com,labels_agencies_roster,
Republic Records (UMG),Label,USA,The Weeknd,R&B / Pop,,https://republicrecords.com,labels_agencies_roster,
Republic Records (UMG),Label,USA,Ariana Grande,Pop,,https://republicrecords.com,labels_agencies_roster,
Republic Records (UMG),Label,USA,Nicki Minaj,Hip-Hop,,https://republicrecords.com,labels_agencies_roster,
Republic Records (UMG),Label,USA,Post Malone,Pop / Hip-Hop,,https://republicrecords.com,labels_agencies_roster,
Republic Records (UMG),Label,USA,Florence + the Machine,Indie Rock,,https://republicrecords.com,labels_agencies_roster,
Republic Records (UMG),Label,USA,Lorde,Pop,,https://republicrecords.com,labels_agencies_roster,
Republic Records (UMG),Label,USA,Glass Animals,Indie Pop,,https://republicrecords.com,labels_agencies_roster,
Republic Records (UMG),Label,USA,Kid Cudi,Hip-Hop,,https://republicrecords.com,labels_agencies_roster,
Republic Records (UMG),Label,USA,AP Dhillon,Punjabi Pop,,https://republicrecords.com,labels_agencies_roster,
Republic Records (UMG),Label,USA,Metro Boomin,Hip-Hop / Production,,https://republicrecords.com,labels_agencies_roster,
Republic Records (UMG),Label,USA,Lil Wayne,Hip-Hop,,https://republicrecords.com,labels_agencies_roster,
Republic Records (UMG),Label,USA,Greta Van Fleet,Rock,,https://republicrecords.com,labels_agencies_roster,
Rough Trade Records,Label,UK,Pulp,Indie / Britpop,,https://roughtraderecords.com,labels_agencies_roster,
Rough Trade Records,Label,UK,Sleaford Mods,Electronic / Post-Punk,,https://roughtraderecords.com,labels_agencies_roster,
Rough Trade Records,Label,UK,Parquet Courts,Indie Rock,,https://roughtraderecords.com,labels_agencies_roster,
Rough Trade Records,Label,UK,Geordie Greep,Indie,,https://roughtraderecords.com,labels_agencies_roster,
Rough Trade Records,Label,UK,Lankum,Folk,,https://roughtraderecords.com,labels_agencies_roster,
Rough Trade Records,Label,UK,Amyl and the Sniffers,Punk,,https://roughtraderecords.com,labels_agencies_roster,
Rough Trade Records,Label,UK,black midi,Indie Rock,,https://roughtraderecords.com,labels_agencies_roster,
Rough Trade Records,Label,UK,caroline,Post-Rock,,https://roughtraderecords.com,labels_agencies_roster,
Rough Trade Records,Label,UK,SPECIAL INTEREST,Post-Punk,,https://roughtraderecords.com,labels_agencies_roster,
Rough Trade Records,Label,UK,Jockstrap,Experimental Pop,,https://roughtraderecords.com,labels_agencies_roster,
Rough Trade Records,Label,UK,Pinegrove,Indie Folk,,https://roughtraderecords.com,labels_agencies_roster,
Rough Trade Records,Label,UK,Lisa O'Neill,Folk,,https://roughtraderecords.com,labels_agencies_roster,
Runway Artists,Label,UK,A Certain Ratio,Post-Punk / Dance,,https://runwayartists.com,agent,
Runway Artists,Label,UK,Lanterns on the Lake,Indie Folk / Dream Pop,,https://runwayartists.com,agent,
Runway Artists,Label,UK,Sleeper,Britpop / Indie Rock,,https://runwayartists.com,agent,
Runway Artists,Label,UK,Helmet,Alternative Metal,,https://runwayartists.com,agent,
Runway Artists,Label,UK,Midge Ure,Synth-Pop / New Wave,,https://runwayartists.com,agent,
Runway Artists,Label,UK,Ned's Atomic Dustbin,Alternative Rock,,https://runwayartists.com,agent,
Runway Artists,Label,UK,Martina Topley Bird,Soul / Trip-Hop,,https://runwayartists.com,agent,
Runway Artists,Label,UK,Bella Hardy,Folk,,https://runwayartists.com,agent,
Runway Artists,Label,UK,Maz O'Connor,Folk,,https://runwayartists.com,agent,
Secretly Canadian,Label,USA,Baby Rose,R&B,,https://secretlycanadian.com,labels_agencies_roster,
Secretly Canadian,Label,USA,Faye Webster,Indie Pop,,https://secretlycanadian.com,labels_agencies_roster,
Secretly Canadian,Label,USA,Yeah Yeah Yeahs,Indie Rock,,https://secretlycanadian.com,labels_agencies_roster,
Secretly Canadian,Label,USA,Cherry Glazerr,Indie Rock,,https://secretlycanadian.com,labels_agencies_roster,
Secretly Canadian,Label,USA,ANOHNI,Art Pop,,https://secretlycanadian.com,labels_agencies_roster,
Secretly Canadian,Label,USA,Whitney,Indie Rock,,https://secretlycanadian.com,labels_agencies_roster,
Secretly Canadian,Label,USA,serpentwithfeet,R&B,,https://secretlycanadian.com,labels_agencies_roster,
Secretly Canadian,Label,USA,Stella Donnelly,Indie Pop,,https://secretlycanadian.com,labels_agencies_roster,
Secretly Canadian,Label,USA,Porridge Radio,Indie Rock,,https://secretlycanadian.com,labels_agencies_roster,
Secretly Canadian,Label,USA,Jens Lekman,Indie Pop,,https://secretlycanadian.com,labels_agencies_roster,
Secretly Canadian,Label,USA,Skullcrusher,Indie Folk,,https://secretlycanadian.com,labels_agencies_roster,
Secretly Canadian,Label,USA,Hatchie,Dream Pop,,https://secretlycanadian.com,labels_agencies_roster,
Secretly Canadian,Label,USA,Damien Jurado,Indie Folk,,https://secretlycanadian.com,labels_agencies_roster,
Secretly Canadian,Label,USA,The War On Drugs,Indie Rock,,https://secretlycanadian.com,labels_agencies_roster,
Stones Throw Records,Label,USA,Madlib,Hip-Hop,,https://stonesthrow.com,labels_agencies_roster,
Stones Throw Records,Label,USA,J Dilla,Hip-Hop,,https://stonesthrow.com,labels_agencies_roster,
Stones Throw Records,Label,USA,Sudan Archives,R&B / Experimental,,https://stonesthrow.com,labels_agencies_roster,
Stones Throw Records,Label,USA,NxWorries,R&B / Hip-Hop,,https://stonesthrow.com,labels_agencies_roster,
Stones Throw Records,Label,USA,Mild High Club,Psychedelic Pop,,https://stonesthrow.com,labels_agencies_roster,
Stones Throw Records,Label,USA,Mayer Hawthorne,Pop / Soul,,https://stonesthrow.com,labels_agencies_roster,
Stones Throw Records,Label,USA,DāM-FunK,Funk / Electronic,,https://stonesthrow.com,labels_agencies_roster,
Stones Throw Records,Label,USA,Knxwledge,Hip-Hop / Production,,https://stonesthrow.com,labels_agencies_roster,
Stones Throw Records,Label,USA,Benny Sings,Pop,,https://stonesthrow.com,labels_agencies_roster,
Stones Throw Records,Label,USA,Los Retros,Indie Pop,,https://stonesthrow.com,labels_agencies_roster,
Stones Throw Records,Label,USA,Kiefer,Jazz,,https://stonesthrow.com,labels_agencies_roster,
Stones Throw Records,Label,USA,Mndsgn,Electronic / Hip-Hop,,https://stonesthrow.com,labels_agencies_roster,
Stones Throw Records,Label,USA,Automatic,Post-Punk,,https://stonesthrow.com,labels_agencies_roster,
Stones Throw Records,Label,USA,John Carroll Kirby,Jazz / Electronic,,https://stonesthrow.com,labels_agencies_roster,
Stones Throw Records,Label,USA,Jerry Paper,Pop,,https://stonesthrow.com,labels_agencies_roster,
Stones Throw Records,Label,USA,Homeboy Sandman,Hip-Hop,,https://stonesthrow.com,labels_agencies_roster,
Stones Throw Records,Label,USA,Guilty Simpson,Hip-Hop,,https://stonesthrow.com,labels_agencies_roster,
Stones Throw Records,Label,USA,Koushik,Electronic / Hip-Hop,,https://stonesthrow.com,labels_agencies_roster,
Sub Pop,Label,USA,Fleet Foxes,Indie Folk,,https://subpop.com,labels_agencies_roster,
Sub Pop,Label,USA,Beach House,Dream Pop,,https://subpop.com,labels_agencies_roster,
Sub Pop,Label,USA,The Postal Service,Indie Electronic,,https://subpop.com,labels_agencies_roster,
Sub Pop,Label,USA,Sleater-Kinney,Indie Rock,,https://subpop.com,labels_agencies_roster,
Sub Pop,Label,USA,Father John Misty,Indie Folk,,https://subpop.com,labels_agencies_roster,
Sub Pop,Label,USA,Weyes Blood,Art Pop / Folk,,https://subpop.com,labels_agencies_roster,
Sub Pop,Label,USA,Shabazz Palaces,Hip-Hop,,https://subpop.com,labels_agencies_roster,
Sub Pop,Label,USA,clipping.,Experimental Hip-Hop,,https://subpop.com,labels_agencies_roster,
Sub Pop,Label,USA,Rolling Blackouts Coastal Fever,Indie Rock,,https://subpop.com,labels_agencies_roster,
Sub Pop,Label,USA,Kiwi Jr.,Indie Rock,,https://subpop.com,labels_agencies_roster,
Sub Pop,Label,USA,Bully,Indie Rock,,https://subpop.com,labels_agencies_roster,
Sub Pop,Label,USA,La Luz,Indie Rock,,https://subpop.com,labels_agencies_roster,
Sub Pop,Label,USA,METZ,Noise Rock,,https://subpop.com,labels_agencies_roster,
Sub Pop,Label,USA,Sunn O))),Drone Metal,,https://subpop.com,labels_agencies_roster,
Sub Pop,Label,USA,TV Priest,Post-Punk,,https://subpop.com,labels_agencies_roster,
Sub Pop,Label,USA,The Shins,Indie Pop,,https://subpop.com,labels_agencies_roster,
Sub Pop,Label,USA,Built to Spill,Indie Rock,,https://subpop.com,labels_agencies_roster,
Sub Pop,Label,USA,Amen Dunes,Indie Rock,,https://subpop.com,labels_agencies_roster,
Sub Pop,Label,USA,Guerilla Toss,Experimental,,https://subpop.com,labels_agencies_roster,
Sub Pop,Label,USA,Low,Slowcore,,https://subpop.com,labels_agencies_roster,
Sub Pop,Label,USA,Downtown Boys,Punk,,https://subpop.com,labels_agencies_roster,
Sub Pop,Label,USA,Sweeping Promises,Post-Punk,,https://subpop.com,labels_agencies_roster,
Warner Records (WMG),Label,USA,Red Hot Chili Peppers,Rock,,https://warnerrecords.com,labels_agencies_roster,
Warner Records (WMG),Label,USA,Paramore,Rock,,https://warnerrecords.com,labels_agencies_roster,
Warner Records (WMG),Label,USA,Teddy Swims,R&B,,https://warnerrecords.com,labels_agencies_roster,
Warner Records (WMG),Label,USA,Omar Apollo,R&B / Pop,,https://warnerrecords.com,labels_agencies_roster,
Warner Records (WMG),Label,USA,Nessa Barrett,Pop,,https://warnerrecords.com,labels_agencies_roster,
Warner Records (WMG),Label,USA,Metallica,Metal,,https://warnerrecords.com,labels_agencies_roster,
Warner Records (WMG),Label,USA,Madonna,Pop,,https://warnerrecords.com,labels_agencies_roster,
Warp Records,Label,UK,Aphex Twin,Electronic,,https://warp.net,labels_agencies_roster,
Warp Records,Label,UK,Autechre,Electronic,,https://warp.net,labels_agencies_roster,
Warp Records,Label,UK,Flying Lotus,Electronic / Hip-Hop,,https://warp.net,labels_agencies_roster,
Warp Records,Label,UK,Boards of Canada,Electronic,,https://warp.net,labels_agencies_roster,
Warp Records,Label,UK,Squarepusher,Electronic,,https://warp.net,labels_agencies_roster,
Warp Records,Label,UK,Hudson Mohawke,Electronic,,https://warp.net,labels_agencies_roster,
Warp Records,Label,UK,Kelela,R&B / Electronic,,https://warp.net,labels_agencies_roster,
Warp Records,Label,UK,Danny Brown,Hip-Hop,,https://warp.net,labels_agencies_roster,
Warp Records,Label,UK,Oneohtrix Point Never,Electronic,,https://warp.net,labels_agencies_roster,
Warp Records,Label,UK,Grizzly Bear,Indie Rock,,https://warp.net,labels_agencies_roster,
Warp Records,Label,UK,Mount Kimbie,Electronic,,https://warp.net,labels_agencies_roster,
Warp Records,Label,UK,Yves Tumor,Art Pop / Experimental,,https://warp.net,labels_agencies_roster,
Warp Records,Label,UK,Nala Sinephro,Jazz / Electronic,,https://warp.net,labels_agencies_roster,
Warp Records,Label,UK,Squid,Post-Punk,,https://warp.net,labels_agencies_roster,
Warp Records,Label,UK,Stereolab,Indie / Electronic,,https://warp.net,labels_agencies_roster,
Warp Records,Label,UK,Nightmares On Wax,Electronic,,https://warp.net,labels_agencies_roster,
Warp Records,Label,UK,Kassa Overall,Jazz,,https://warp.net,labels_agencies_roster,
Warp Records,Label,UK,Bibio,Electronic / Folk,,https://warp.net,labels_agencies_roster,
Warp Records,Label,UK,Clark,Electronic,,https://warp.net,labels_agencies_roster,
Warp Records,Label,UK,Plaid,Electronic,,https://warp.net,labels_agencies_roster,
Warp Records,Label,UK,Wu-Lu,Post-Punk / R&B,,https://warp.net,labels_agencies_roster,
Wasserman Music (THE·TEAM),Label,USA,Prateek Kuhad,Indie Folk / Singer-Songwriter,,https://the.team,agent,
Wasserman Music (THE·TEAM),Label,USA,Hanumankind,Hip-Hop / Kerala,,https://the.team,agent,
Wasserman Music (THE·TEAM),Label,USA,Kendrick Lamar,Hip-Hop / Rap,,https://the.team,agent,
Wasserman Music (THE·TEAM),Label,USA,SZA,R&B / Pop,,https://the.team,agent,
Wasserman Music (THE·TEAM),Label,USA,Imagine Dragons,Pop Rock,,https://the.team,agent,
Wasserman Music (THE·TEAM),Label,USA,Tyler The Creator,Hip-Hop,,https://the.team,agent,
Wasserman Music (THE·TEAM),Label,USA,Coldplay,Pop Rock / Alternative,,https://the.team,agent,
Wasserman Music (THE·TEAM),Label,USA,Ed Sheeran,Pop / Singer-Songwriter,,https://the.team,agent,
Wasserman Music (THE·TEAM),Label,USA,Billie Eilish,Pop / Alternative,,https://the.team,agent,
Wasserman Music (THE·TEAM),Label,USA,Lorde,Indie Pop / Electropop,,https://the.team,agent,
Wasserman Music (THE·TEAM),Label,USA,Diplo,EDM / DJ,,https://the.team,agent,
Wasserman Music (THE·TEAM),Label,USA,DJ Snake,EDM / DJ,,https://the.team,agent,
Wasserman Music (THE·TEAM),Label,USA,Flume,Electronic / Indie Dance,,https://the.team,agent,
Wasserman Music (THE·TEAM),Label,USA,Disclosure,Electronic / House,,https://the.team,agent,
Wasserman Music (THE·TEAM),Label,USA,ODESZA,Electronic,,https://the.team,agent,
Wasserman Music (THE·TEAM),Label,USA,Tash Sultana,Indie Rock / Blues,,https://the.team,agent,
Wasserman Music (THE·TEAM),Label,USA,RÜFÜS DU SOL,Electronic / Indie Dance,,https://the.team,agent,
Wasserman Music (THE·TEAM),Label,USA,Davido,Afrobeats,,https://the.team,agent,
Wasserman Music (THE·TEAM),Label,USA,Sean Paul,Dancehall / Reggae,,https://the.team,agent,
WME (William Morris Endeavor),Label,USA,Dua Lipa,Pop / Dance,,https://music.wmeagency.com,agent,
WME (William Morris Endeavor),Label,USA,J Balvin,Latin Urban / Reggaeton,,https://music.wmeagency.com,agent,
WME (William Morris Endeavor),Label,USA,Maluma,Latin Pop / Reggaeton,,https://music.wmeagency.com,agent,
WME (William Morris Endeavor),Label,USA,Kygo,Tropical House / EDM,,https://music.wmeagency.com,agent,
WME (William Morris Endeavor),Label,USA,Depeche Mode,Synth-Pop / Electronic,,https://music.wmeagency.com,agent,
WME (William Morris Endeavor),Label,USA,Nine Inch Nails,Industrial Rock / Electronic,,https://music.wmeagency.com,agent,
WME (William Morris Endeavor),Label,USA,Avenged Sevenfold,Heavy Metal / Hard Rock,,https://music.wmeagency.com,agent,
WME (William Morris Endeavor),Label,USA,Måneskin,Rock / Glam Rock,,https://music.wmeagency.com,agent,
WME (William Morris Endeavor),Label,USA,Bruno Mars,Pop / R&B / Funk,,https://music.wmeagency.com,agent,
WME (William Morris Endeavor),Label,USA,Travis Scott,Hip-Hop / Trap,,https://music.wmeagency.com,agent,
WME (William Morris Endeavor),Label,USA,Calvin Harris,EDM / House,,https://music.wmeagency.com,agent,
WME (William Morris Endeavor),Label,USA,Foo Fighters,Rock,,https://music.wmeagency.com,agent,
X-ray Touring,Label,UK,Coldplay,Pop Rock,,https://xraytouring.com,agent,
X-ray Touring,Label,UK,Eminem,Hip-Hop / Rap,,https://xraytouring.com,agent,
X-ray Touring,Label,UK,Robbie Williams,Pop,,https://xraytouring.com,agent,
X-ray Touring,Label,UK,Blur,Britpop / Alternative,,https://xraytouring.com,agent,
X-ray Touring,Label,UK,Linkin Park,Nu-Metal / Alternative Rock,,https://xraytouring.com,agent,
X-ray Touring,Label,UK,Green Day,Punk Rock,,https://xraytouring.com,agent,
X-ray Touring,Label,UK,Manic Street Preachers,Alternative Rock,,https://xraytouring.com,agent,
X-ray Touring,Label,UK,New Order,Post-Punk / Electronic,,https://xraytouring.com,agent,
X-ray Touring,Label,UK,The Offspring,Punk Rock,,https://xraytouring.com,agent,
X-ray Touring,Label,UK,Queens of the Stone Age,Hard Rock,,https://xraytouring.com,agent,
X-ray Touring,Label,UK,Smashing Pumpkins,Alternative Rock,,https://xraytouring.com,agent,
X-ray Touring,Label,UK,Stereophonics,Rock,,https://xraytouring.com,agent,
X-ray Touring,Label,UK,Pixies,Alternative Rock,,https://xraytouring.com,agent,
X-ray Touring,Label,UK,Bombay Bicycle Club,Indie Rock,,https://xraytouring.com,agent,
X-ray Touring,Label,UK,Anderson Paak,Hip-Hop / Funk / Soul,,https://xraytouring.com,agent,
X-ray Touring,Label,UK,Elbow,Indie Rock / Orchestral,,https://xraytouring.com,agent,
X-ray Touring,Label,UK,Enter Shikari,Electronic Rock,,https://xraytouring.com,agent,
XL Recordings,Label,UK,Radiohead,Alternative,,https://xlrecordings.com,labels_agencies_roster,
XL Recordings,Label,UK,Adele,Pop / Soul,,https://xlrecordings.com,labels_agencies_roster,
XL Recordings,Label,UK,Burial,Electronic,,https://xlrecordings.com,labels_agencies_roster,
XL Recordings,Label,UK,Arca,Electronic / Experimental,,https://xlrecordings.com,labels_agencies_roster,
XL Recordings,Label,UK,The Smile,Alternative,,https://xlrecordings.com,labels_agencies_roster,
XL Recordings,Label,UK,Fontaines D.C.,Post-Punk,,https://xlrecordings.com,labels_agencies_roster,
XL Recordings,Label,UK,Yaeji,Electronic,,https://xlrecordings.com,labels_agencies_roster,
XL Recordings,Label,UK,Jamie xx,Electronic,,https://xlrecordings.com,labels_agencies_roster,
XL Recordings,Label,UK,King Krule,Post-Punk / R&B,,https://xlrecordings.com,labels_agencies_roster,
XL Recordings,Label,UK,Four Tet,Electronic,,https://xlrecordings.com,labels_agencies_roster,
XL Recordings,Label,UK,Ibeyi,Soul / Electronic,,https://xlrecordings.com,labels_agencies_roster,
XL Recordings,Label,UK,BADBADNOTGOOD,Jazz / R&B,,https://xlrecordings.com,labels_agencies_roster,
XL Recordings,Label,UK,Overmono,Electronic,,https://xlrecordings.com,labels_agencies_roster,
XL Recordings,Label,UK,Charlotte Day Wilson,R&B / Pop,,https://xlrecordings.com,labels_agencies_roster,
XL Recordings,Label,UK,Thom Yorke,Alternative / Electronic,,https://xlrecordings.com,labels_agencies_roster,
XL Recordings,Label,UK,Fabiana Palladino,Pop,,https://xlrecordings.com,labels_agencies_roster,
XL Recordings,Label,UK,FKA twigs,R&B / Electronic,,https://xlrecordings.com,labels_agencies_roster,
XL Recordings,Label,UK,M.I.A.,Hip-Hop / Electronic,,https://xlrecordings.com,labels_agencies_roster,
XL Recordings,Label,UK,Nourished By Time,R&B,,https://xlrecordings.com,labels_agencies_roster,
Amman Films,Label,Unknown,அளவையூர் என். கே. பத்மநாதன்,,,https://www.discogs.com/label/4443079,Discogs,
Anmol Geet,Label,Unknown,Yesudas,,,https://www.discogs.com/label/2061235,Discogs,
Anmol Geet,Label,Unknown,"Asha Bhosle, Mohd. Rafi*",,,https://www.discogs.com/label/2061235,Discogs,
Anmol Ratan,Label,Unknown,Mukesh,,,https://www.discogs.com/label/1436380,Discogs,
Anmol Ratan,Label,Unknown,Yesudas,,,https://www.discogs.com/label/1436380,Discogs,
Anmol Ratan,Label,Unknown,Kishore Kumar,,,https://www.discogs.com/label/1436380,Discogs,
Anmol Ratan,Label,Unknown,Lata Mangeshkar,,,https://www.discogs.com/label/1436380,Discogs,
Anmol Ratan,Label,Unknown,Narendra Chanchal,,,https://www.discogs.com/label/1436380,Discogs,
Anmol Ratan,Label,Unknown,C. Ramchandra,,,https://www.discogs.com/label/1436380,Discogs,
Anmol Ratan,Label,Unknown,Chitragupta,,,https://www.discogs.com/label/1436380,Discogs,
Anmol Ratan,Label,Unknown,Pradeep,,,https://www.discogs.com/label/1436380,Discogs,
Anmol Ratan,Label,Unknown,Mohd. Rafi*,,,https://www.discogs.com/label/1436380,Discogs,
Anmol Ratan,Label,Unknown,Mahendra Kapoor,,,https://www.discogs.com/label/1436380,Discogs,
Anmol Ratan,Label,Unknown,Lata* - Mukesh,,,https://www.discogs.com/label/1436380,Discogs,
Anmol Ratan,Label,Unknown,Mohd. Rafi* - Suman Kalyanpur,,,https://www.discogs.com/label/1436380,Discogs,
Anmol Ratan,Label,Unknown,Lata Mangeshkar - Manna Dey,,,https://www.discogs.com/label/1436380,Discogs,
Anmol Ratan,Label,Unknown,Asha Bhosle,,,https://www.discogs.com/label/1436380,Discogs,
Anmol Ratan,Label,Unknown,Usha Khanna,,,https://www.discogs.com/label/1436380,Discogs,
Anmol Ratan,Label,Unknown,"Lata Mangeshkar, Mohammed Rafi",,,https://www.discogs.com/label/1436380,Discogs,
Anmol Ratan,Label,Unknown,Suresh Wadkar,,,https://www.discogs.com/label/1436380,Discogs,
Anmol Ratan,Label,Unknown,Nitin Mukesh,,,https://www.discogs.com/label/1436380,Discogs,
Anmol Ratan,Label,Unknown,Gulzar,,,https://www.discogs.com/label/1436380,Discogs,
Anmol Ratan,Label,Unknown,Rajesh Roshan,,,https://www.discogs.com/label/1436380,Discogs,
Anmol Ratan,Label,Unknown,Lata Mangeshkar - Mukesh,,,https://www.discogs.com/label/1436380,Discogs,
Anmol Ratan,Label,Unknown,Talat Mahmood,,,https://www.discogs.com/label/1436380,Discogs,
Anmol Ratan,Label,Unknown,Manna Dey,,,https://www.discogs.com/label/1436380,Discogs,
Anmol Ratan,Label,Unknown,Shailendra Singh,,,https://www.discogs.com/label/1436380,Discogs,
Anmol Ratan,Label,Unknown,Hemant Kumar,,,https://www.discogs.com/label/1436380,Discogs,
Anmol Ratan,Label,Unknown,"Lata Mangeshkar, Mukesh",,,https://www.discogs.com/label/1436380,Discogs,
Anmol Yaaden,Label,Unknown,Mohd. Rafi*,,,https://www.discogs.com/label/1631965,Discogs,
Anmol Yaaden,Label,Unknown,Hemant Kumar,,,https://www.discogs.com/label/1631965,Discogs,
Anmol Yaaden,Label,Unknown,"Mohammed Rafi, Madan Mohan",,,https://www.discogs.com/label/1631965,Discogs,
Anmol Yaaden,Label,Unknown,Kishore Kumar,,,https://www.discogs.com/label/1631965,Discogs,
Baba,Label,Unknown,Ilaiyaraaja,,,https://www.discogs.com/label/982622,Discogs,
Baba,Label,Unknown,Puvalur Srinivasan / Kunnakkudi Vaidyanathan / Shankar Ganesh / Vijaya Bhaskar,,,https://www.discogs.com/label/982622,Discogs,
Baba Music (3),Label,Unknown,Himesh Reshammiya,,,https://www.discogs.com/label/1338912,Discogs,
Baba Music (3),Label,Unknown,"Himesh Reshammiya, Sameer",,,https://www.discogs.com/label/1338912,Discogs,
Baba Music (3),Label,Unknown,"Jatin-Lalit*, Sameer",,,https://www.discogs.com/label/1338912,Discogs,
Baba Music (3),Label,Unknown,"जतिन ललित*, समीर*",,,https://www.discogs.com/label/1338912,Discogs,
Baba Music (3),Label,Unknown,Jatin Lalit,,,https://www.discogs.com/label/1338912,Discogs,
Baba Music (3),Label,Unknown,Anu Malik,,,https://www.discogs.com/label/1338912,Discogs,
Baba Music (3),Label,Unknown,Lata Mangeshkar,,,https://www.discogs.com/label/1338912,Discogs,
Baba Music (3),Label,Unknown,Jatin-Lalit*,,,https://www.discogs.com/label/1338912,Discogs,
Big Music (7),Label,Unknown,"Shantanu Moitra, Swanand Kirkire",,,https://www.discogs.com/label/1215209,Discogs,
Big Music (7),Label,Unknown,Santokh Singh Dhaliwal*,,,https://www.discogs.com/label/1215209,Discogs,
Big Music (7),Label,Unknown,Kaifi Azmi's*,,,https://www.discogs.com/label/1215209,Discogs,
Big Music (7),Label,Unknown,"Ajay-Atul, Swanand Kirkire",,,https://www.discogs.com/label/1215209,Discogs,
Big Music (7),Label,Unknown,Jaidev Kumar,,,https://www.discogs.com/label/1215209,Discogs,
Big Music (7),Label,Unknown,A.R. Rahman,,,https://www.discogs.com/label/1215209,Discogs,
Big Music (7),Label,Unknown,Jagjit Singh,,,https://www.discogs.com/label/1215209,Discogs,
Big Music (7),Label,Unknown,Anand Raj Anand,,,https://www.discogs.com/label/1215209,Discogs,
Big Music (7),Label,Unknown,Anand Raaj Anand*,,,https://www.discogs.com/label/1215209,Discogs,
Big Music (7),Label,Unknown,"Sajid Wajid, Sameer",,,https://www.discogs.com/label/1215209,Discogs,
Big Music (7),Label,Unknown,"Shankar Ehsaan Loy, Sandesh Shandilya, Justin Uday*",,,https://www.discogs.com/label/1215209,Discogs,
Big Music (7),Label,Unknown,"Shankar Ehsaan Loy, Neelesh Misra",,,https://www.discogs.com/label/1215209,Discogs,
Big Music (7),Label,Unknown,Harbhajan Mann,,,https://www.discogs.com/label/1215209,Discogs,
Big Music (7),Label,Unknown,Dr. Zeus,,,https://www.discogs.com/label/1215209,Discogs,
Big Music (7),Label,Unknown,"Bappi Lahiri, Shafqat Ali Khan",,,https://www.discogs.com/label/1215209,Discogs,
Big Music (7),Label,Unknown,Shafqat Ali Khan,,,https://www.discogs.com/label/1215209,Discogs,
Big Music (7),Label,Unknown,Raghav Sachar,,,https://www.discogs.com/label/1215209,Discogs,
Big Music (7),Label,Unknown,Babloo Kumar,,,https://www.discogs.com/label/1215209,Discogs,
Big Music (7),Label,Unknown,Ravindra Jain,,,https://www.discogs.com/label/1215209,Discogs,
Big Music (7),Label,Unknown,Shankar Ehsaan Loy,,,https://www.discogs.com/label/1215209,Discogs,
Big Music (7),Label,Unknown,"Shankar Ehsaan Loy, Javed Akhtar",,,https://www.discogs.com/label/1215209,Discogs,
Big Music (7),Label,Unknown,"Adnan Sami, Sameer",,,https://www.discogs.com/label/1215209,Discogs,
Big Music (7),Label,Unknown,"Anu Malik, Javed Akhtar",,,https://www.discogs.com/label/1215209,Discogs,
Big Music (7),Label,Unknown,Anu Malik,,,https://www.discogs.com/label/1215209,Discogs,
Big Music (7),Label,Unknown,Gourov Dasgupta,,,https://www.discogs.com/label/1215209,Discogs,
Big Music (7),Label,Unknown,"A.R. Rahman, Liyakat Ajmeri, Raj Varma",,,https://www.discogs.com/label/1215209,Discogs,
Big Music (7),Label,Unknown,Surinder Y. Bachan*,,,https://www.discogs.com/label/1215209,Discogs,
Big Music (7),Label,Unknown,"Vishal & Shekhar, Vishal Dadlani",,,https://www.discogs.com/label/1215209,Discogs,
Big Music (7),Label,Unknown,"Siddharth - Suhas, Agnee",,,https://www.discogs.com/label/1215209,Discogs,
Bollywood Brass Band,Label,Unknown,The Bollywood Brass Band*,,,https://www.discogs.com/label/1726087,Discogs,
Bollywood Depiction,Label,Unknown,Ali The Son Of Abdul,,,https://www.discogs.com/label/3006853,Discogs,
Bollywood Music House,Label,Unknown,"Kamal Heer, Manmohan Waris",,,https://www.discogs.com/label/4276609,Discogs,
Bollywood Music House,Label,Unknown,Lally (2),,,https://www.discogs.com/label/4276609,Discogs,
Bollywood Music International London,Label,Unknown,Vidyut Goswami,,,https://www.discogs.com/label/1809443,Discogs,
Bollywood Music International London,Label,Unknown,Nadeem Shravan,,,https://www.discogs.com/label/1809443,Discogs,
Bollywood Productions,Label,Unknown,DJ Shaff,,,https://www.discogs.com/label/4577934,Discogs,
Bollywood Records,Label,Unknown,A R Rahman* = A.R. 拉曼*,,,https://www.discogs.com/label/580315,Discogs,
Bollywood Records,Label,Unknown,A R Rahman*,,,https://www.discogs.com/label/580315,Discogs,
Bollywood Records,Label,Unknown,"Shankar-Ehsaan-Loy*, Sameer",,,https://www.discogs.com/label/580315,Discogs,
Bollywood Records,Label,Unknown,Shankar Ehsaan Loy,,,https://www.discogs.com/label/580315,Discogs,
Bollywood Records,Label,Unknown,"Vishal, Shekhar*, Ram Sampath",,,https://www.discogs.com/label/580315,Discogs,
Bollywood Records,Label,Unknown,Rabbi*,,,https://www.discogs.com/label/580315,Discogs,
Bollywood Records,Label,Unknown,Lakshya*,,,https://www.discogs.com/label/580315,Discogs,
Bollywood Records,Label,Unknown,A.R. Rahman,,,https://www.discogs.com/label/580315,Discogs,
Bollywood Records,Label,Unknown,A. R. Rahman*,,,https://www.discogs.com/label/580315,Discogs,
Bollywood Series,Label,Unknown,Tariq Khan & Anupreeta*,,,https://www.discogs.com/label/829642,Discogs,
Bollywood Series,Label,Unknown,Kumar Sanu,,,https://www.discogs.com/label/829642,Discogs,
Bollywood Strings Limited,Label,Unknown,Chandru,,,https://www.discogs.com/label/918718,Discogs,
Bollywood v/s Hollywood,Label,Unknown,Kenneth D'Souza,,,https://www.discogs.com/label/2174296,Discogs,
Bollywood v/s Hollywood,Label,Unknown,Sonali Vajpayee,,,https://www.discogs.com/label/2174296,Discogs,
Bollywood v/s Hollywood,Label,Unknown,Nikhil-Vinay,,,https://www.discogs.com/label/2174296,Discogs,
Bollywood v/s Hollywood,Label,Unknown,Tabun*,,,https://www.discogs.com/label/2174296,Discogs,
"Bollywood/Hollywood Music Inc., Canada",Label,Unknown,Sandeep Chowta,,,https://www.discogs.com/label/1380560,Discogs,
Brand B,Label,Unknown,Pari Pandher,,,https://www.discogs.com/label/2775413,Discogs,
Brand B,Label,Unknown,"Bunty Bains, Prabh Bains, Chet Singh (2) & Jashan Inder",,,https://www.discogs.com/label/2775413,Discogs,
Brand B,Label,Unknown,Ranjit Bawa,,,https://www.discogs.com/label/2775413,Discogs,
Brand B,Label,Unknown,"Asmeet Sehra, Raman Brar, Armaan Dhillon, Jashan Inder, Jassi Dhaliwal, Chet Singh (2), Bunty Bains",,,https://www.discogs.com/label/2775413,Discogs,
Brand B,Label,Unknown,Pari Pandher & Jordan Sandhu,,,https://www.discogs.com/label/2775413,Discogs,
Brand B,Label,Unknown,Jordan Sandhu,,,https://www.discogs.com/label/2775413,Discogs,
Brand B,Label,Unknown,Himanshi Khurana,,,https://www.discogs.com/label/2775413,Discogs,
Brown Town Music (2),Label,Unknown,Gur Sidhu & Jasmine Sandlas,,,https://www.discogs.com/label/2675267,Discogs,
Brown Town Music (2),Label,Unknown,Gur Sidhu & Deepak Dhillon,,,https://www.discogs.com/label/2675267,Discogs,
Brown Town Music (2),Label,Unknown,"Davy (25), Simar Kaur & Gur Sidhu",,,https://www.discogs.com/label/2675267,Discogs,
Brown Town Music (2),Label,Unknown,Gur Sidhu,,,https://www.discogs.com/label/2675267,Discogs,
Brown Town Music (2),Label,Unknown,Jassa Dhillon,,,https://www.discogs.com/label/2675267,Discogs,
Brown Town Music (2),Label,Unknown,Jassa Dhillon & Gurlez Akhtar,,,https://www.discogs.com/label/2675267,Discogs,
Brown Town Music (2),Label,Unknown,Jassa Dhillon & Gur Sidhu,,,https://www.discogs.com/label/2675267,Discogs,
Brown Town Music (2),Label,Unknown,Gur Sidhu & Jassa Dhillon,,,https://www.discogs.com/label/2675267,Discogs,
Burfi Music,Label,Unknown,Ammy Virk & Divine (47),,,https://www.discogs.com/label/2563414,Discogs,
Burfi Music,Label,Unknown,Simran Bhardwaj & Jaymeet,,,https://www.discogs.com/label/2563414,Discogs,
Burfi Music,Label,Unknown,Happy Raikoti & Avvy Sra,,,https://www.discogs.com/label/2563414,Discogs,
Burfi Music,Label,Unknown,Gaiphy & Ammy Virk,,,https://www.discogs.com/label/2563414,Discogs,
Burfi Music,Label,Unknown,Desi Routz & Gurshabad,,,https://www.discogs.com/label/2563414,Discogs,
Burfi Music,Label,Unknown,"Gurmeet Singh, Amar Noori & Jaswinder Brar",,,https://www.discogs.com/label/2563414,Discogs,
Burfi Music,Label,Unknown,Gurmeet Singh & G Khan,,,https://www.discogs.com/label/2563414,Discogs,
Burfi Music,Label,Unknown,Black Virus (2) & Pavitar Lassoi,,,https://www.discogs.com/label/2563414,Discogs,
Burfi Music,Label,Unknown,Simran Bhardwaj & Gurmeet Singh,,,https://www.discogs.com/label/2563414,Discogs,
Burfi Music,Label,Unknown,"Gurmeet Singh, Gaiphy, Black Virus (2) & Desi Routz",,,https://www.discogs.com/label/2563414,Discogs,
Burfi Music,Label,Unknown,Jind (2) & Jaymeet,,,https://www.discogs.com/label/2563414,Discogs,
Burfi Music,Label,Unknown,Noor Chahal,,,https://www.discogs.com/label/2563414,Discogs,
Burfi Music,Label,Unknown,"Ammy Virk, Avvy Sra & Happy Raikoti",,,https://www.discogs.com/label/2563414,Discogs,
Burfi Music,Label,Unknown,Vikas* & SunnyVik,,,https://www.discogs.com/label/2563414,Discogs,
Burfi Music,Label,Unknown,Oye Kunaal,,,https://www.discogs.com/label/2563414,Discogs,
Burfi Music,Label,Unknown,"Ammy Virk, Simar Kaur, Avvy Sra & Happy Raikoti",,,https://www.discogs.com/label/2563414,Discogs,
Burfi Music,Label,Unknown,"Avvy Sra, Jaymeet, SunnyVik & Oye Kunaal",,,https://www.discogs.com/label/2563414,Discogs,
Burfi Music,Label,Unknown,Ammy Virk,,,https://www.discogs.com/label/2563414,Discogs,
Desi Beats Records,Label,Unknown,Karan Aujla,,,https://www.discogs.com/label/2899352,Discogs,
Desi Records,Label,Unknown,Melissa D'Souza,,,https://www.discogs.com/label/1061360,Discogs,
Desi Records,Label,Unknown,Earl Ferns,,,https://www.discogs.com/label/1061360,Discogs,
Desi Records,Label,Unknown,DJ Jiten,,,https://www.discogs.com/label/1061360,Discogs,
Desi Records,Label,Unknown,Kidd Spice,,,https://www.discogs.com/label/1061360,Discogs,
DiamondStar Worldwide,Label,Unknown,Gurnam Bhullar,,,https://www.discogs.com/label/2936108,Discogs,
DiamondStar Worldwide,Label,Unknown,"Gaurav Dev, Kartik Dev & Gurnam Bhullar",,,https://www.discogs.com/label/2936108,Discogs,
DiamondStar Worldwide,Label,Unknown,Daoud Music & Gurnam Bhullar,,,https://www.discogs.com/label/2936108,Discogs,
DiamondStar Worldwide,Label,Unknown,"Gaurav Dev, Kartik Dev & Hashmat Sultana",,,https://www.discogs.com/label/2936108,Discogs,
DiamondStar Worldwide,Label,Unknown,Desi Crew & Gurnam Bhullar,,,https://www.discogs.com/label/2936108,Discogs,
DiamondStar Worldwide,Label,Unknown,"Gaurav Dev & Kartik Dev, Daddy Beats, Daoud Music, Desi Crew & Gurnam Bhullar",,,https://www.discogs.com/label/2936108,Discogs,
Double Up Entertainment (2),Label,Unknown,Harpreet Sran & INTENSE (31),,,https://www.discogs.com/label/2756333,Discogs,
Double Up Entertainment (2),Label,Unknown,"HRJXT, INTENSE (31) & Trappo Stoke",,,https://www.discogs.com/label/2756333,Discogs,
Double Up Entertainment (2),Label,Unknown,HRJXT,,,https://www.discogs.com/label/2756333,Discogs,
Double Up Entertainment (2),Label,Unknown,"HRJXT, INTENSE (31)",,,https://www.discogs.com/label/2756333,Discogs,
Double Up Entertainment (2),Label,Unknown,INTENSE*,,,https://www.discogs.com/label/2756333,Discogs,
Double Up Entertainment (2),Label,Unknown,"Diljit Dosanjh, INTENSE (31)",,,https://www.discogs.com/label/2756333,Discogs,
Down Memory Lane (3),Label,Unknown,Babla,,,https://www.discogs.com/label/1679935,Discogs,
Down Memory Lane (3),Label,Unknown,Dheeraj Dhanak,,,https://www.discogs.com/label/1679935,Discogs,
Down Memory Lane (3),Label,Unknown,Nawazish Ali Khan,,,https://www.discogs.com/label/1679935,Discogs,
Esquire (5),Label,Unknown,Bappi Lahiri,,,https://www.discogs.com/label/1308520,Discogs,
Esquire (5),Label,Unknown,"Pt. Hridaynath Mangeshkar*, Gulzar",,,https://www.discogs.com/label/1308520,Discogs,
Esquire (5),Label,Unknown,"Naushad, Hasan Kamaal",,,https://www.discogs.com/label/1308520,Discogs,
Esquire (5),Label,Unknown,Usha Khanna,,,https://www.discogs.com/label/1308520,Discogs,
Esquire (5),Label,Unknown,Annu Malik* / Bappi Lahiri,,,https://www.discogs.com/label/1308520,Discogs,
Esquire (5),Label,Unknown,Ravindra Jain,,,https://www.discogs.com/label/1308520,Discogs,
Esquire (5),Label,Unknown,Usha Uthup,,,https://www.discogs.com/label/1308520,Discogs,
Esquire (5),Label,Unknown,Jolly Mukherjee,,,https://www.discogs.com/label/1308520,Discogs,
Esquire (5),Label,Unknown,Ravindra Jain / Bappi Lahiri,,,https://www.discogs.com/label/1308520,Discogs,
Esquire (5),Label,Unknown,"Sonik-Omi, Sohan Lal, Mahendra Kapoor, Minoo Purshottam",,,https://www.discogs.com/label/1308520,Discogs,
Esquire (5),Label,Unknown,"Kumar Sanu, Kavita Krishnamurti*",,,https://www.discogs.com/label/1308520,Discogs,
Esquire (5),Label,Unknown,Nadeem Shravan,,,https://www.discogs.com/label/1308520,Discogs,
Esquire (5),Label,Unknown,Jagjit & Chitra Singh,,,https://www.discogs.com/label/1308520,Discogs,
Esquire (5),Label,Unknown,"Laxmikant Pyarelal*, Santosh Anand",,,https://www.discogs.com/label/1308520,Discogs,
Esquire (5),Label,Unknown,Sabri Bros.*,,,https://www.discogs.com/label/1308520,Discogs,
Esquire (5),Label,Unknown,"Annu Malik*, Rani Malik, Sameer, Dev Kohli",,,https://www.discogs.com/label/1308520,Discogs,
Esquire (5),Label,Unknown,"Mahesh Kishore*, Saawan Kumar*",,,https://www.discogs.com/label/1308520,Discogs,
Esquire (5),Label,Unknown,"Bappi Lahiri, Rani Malik",,,https://www.discogs.com/label/1308520,Discogs,
Esquire (5),Label,Unknown,Nadeem Shravan / Kanak Raj,,,https://www.discogs.com/label/1308520,Discogs,
Esquire (5),Label,Unknown,Raam-Laxman* / Nikhil-Vinay,,,https://www.discogs.com/label/1308520,Discogs,
Esquire (5),Label,Unknown,Kumar Sanu,,,https://www.discogs.com/label/1308520,Discogs,
Esquire (5),Label,Unknown,Ghulam Ali,,,https://www.discogs.com/label/1308520,Discogs,
Esquire (5),Label,Unknown,"Charanjit Ahuja, Hasrat Jaipuri & Shyam Bhateja",,,https://www.discogs.com/label/1308520,Discogs,
Esquire (5),Label,Unknown,"Nadeem Shravan, Sameer",,,https://www.discogs.com/label/1308520,Discogs,
Esquire (5),Label,Unknown,"Mahesh Kishore*, Anwar Sagar",,,https://www.discogs.com/label/1308520,Discogs,
Esquire (5),Label,Unknown,Rajesh Roshan / Brijlal*,,,https://www.discogs.com/label/1308520,Discogs,
Esquire (5),Label,Unknown,R. D. Burman / Jeetu-Tapan*,,,https://www.discogs.com/label/1308520,Discogs,
Esquire (5),Label,Unknown,Anand Milind / Sonik Omi*,,,https://www.discogs.com/label/1308520,Discogs,
Esquire (5),Label,Unknown,Anil Mohile,,,https://www.discogs.com/label/1308520,Discogs,
Esquire (5),Label,Unknown,Padam Bhushan Pandit Ram Narain*,,,https://www.discogs.com/label/1308520,Discogs,
Esquire (5),Label,Unknown,"Raam Laxman, Dev Kohli, Ravindra Rawal* & M. G. Hasmat*",,,https://www.discogs.com/label/1308520,Discogs,
Esquire (5),Label,Unknown,"Majrooh Sultanpuri, Binju Ali*",,,https://www.discogs.com/label/1308520,Discogs,
Esquire (5),Label,Unknown,"Rajesh Roshan / Dilipsen, Sameer Sen*",,,https://www.discogs.com/label/1308520,Discogs,
Esquire (5),Label,Unknown,"Annu Malik*, Anand Bakshi",,,https://www.discogs.com/label/1308520,Discogs,
Esquire (5),Label,Unknown,"Anand Milind, Sameer",,,https://www.discogs.com/label/1308520,Discogs,
Esquire (5),Label,Unknown,"Sameer, Anand Milind",,,https://www.discogs.com/label/1308520,Discogs,
Esquire (5),Label,Unknown,Anand Milind / Dilip Sen - Sameer Sen*,,,https://www.discogs.com/label/1308520,Discogs,
Film Hits Of Yesterday,Label,Unknown,Shankar Jaikishan*,,,https://www.discogs.com/label/562192,Discogs,
Film Hits Of Yesterday,Label,Unknown,Kishore Kumar,,,https://www.discogs.com/label/562192,Discogs,
Film Hits Of Yesterday,Label,Unknown,Chitragupta,,,https://www.discogs.com/label/562192,Discogs,
Film Hits Of Yesterday,Label,Unknown,Lata* & Hemanta*,,,https://www.discogs.com/label/562192,Discogs,
Film Hits Of Yesterday,Label,Unknown,S. D. Burman,,,https://www.discogs.com/label/562192,Discogs,
Film Hits Of Yesterday,Label,Unknown,C. Ramchandra,,,https://www.discogs.com/label/562192,Discogs,
Film Hits Of Yesterday,Label,Unknown,Naushad,,,https://www.discogs.com/label/562192,Discogs,
Film Hits Of Yesterday,Label,Unknown,"Naushad, Shakeel Badayuni",,,https://www.discogs.com/label/562192,Discogs,
Film Hits Of Yesterday,Label,Unknown,Ravi,,,https://www.discogs.com/label/562192,Discogs,
Film Hits Of Yesterday,Label,Unknown,Madan Mohan / C. Ramchandra,,,https://www.discogs.com/label/562192,Discogs,
Film Hits Of Yesterday,Label,Unknown,Shankar-Jaikishan,,,https://www.discogs.com/label/562192,Discogs,
Film Hits Of Yesterday,Label,Unknown,"C. Ramchandra, Rajinder Krishan",,,https://www.discogs.com/label/562192,Discogs,
Film Hits Of Yesterday,Label,Unknown,"Salil Chowdhury, Shailendra",,,https://www.discogs.com/label/562192,Discogs,
Film Hits Of Yesterday,Label,Unknown,"(Late) Shyam Sunder*, Sahir Ludhianvi",,,https://www.discogs.com/label/562192,Discogs,
Film Hits Of Yesterday,Label,Unknown,Salil Chowdhury,,,https://www.discogs.com/label/562192,Discogs,
Film Hits Of Yesterday,Label,Unknown,Vasant Desai,,,https://www.discogs.com/label/562192,Discogs,
Film Hits Of Yesterday,Label,Unknown,"Shankar Jaikishen*, Shailendra",,,https://www.discogs.com/label/562192,Discogs,
Film Hits Of Yesterday,Label,Unknown,Shankar-Jaikishen*,,,https://www.discogs.com/label/562192,Discogs,
Film Hits Of Yesterday,Label,Unknown,"S. D. Burman, Sahir*",,,https://www.discogs.com/label/562192,Discogs,
Film Hits Of Yesterday,Label,Unknown,Husnlal Bhagatram*,,,https://www.discogs.com/label/562192,Discogs,
FilmKraft Productions (India) Pvt. Ltd.,Label,Unknown,Rajesh Roshan,,,https://www.discogs.com/label/1265571,Discogs,
Frankfinn Music,Label,Unknown,Bhai Harjinder Singh Ji,,,https://www.discogs.com/label/3486304,Discogs,
Frankfinn Music,Label,Unknown,Pammi Bai,,,https://www.discogs.com/label/3486304,Discogs,
Frankfinn Music,Label,Unknown,Bhai Joginder Singh Ji Riar,,,https://www.discogs.com/label/3486304,Discogs,
Geet MP3,Label,Unknown,Jass Manak,,,https://www.discogs.com/label/2510527,Discogs,
Geet MP3,Label,Unknown,Jass Manak & Raja Game Changerz,,,https://www.discogs.com/label/2510527,Discogs,
Geet MP3,Label,Unknown,Jass Manak & Sharry Nexus,,,https://www.discogs.com/label/2510527,Discogs,
Geet MP3,Label,Unknown,Sidhu Moose Wala,,,https://www.discogs.com/label/2510527,Discogs,
Geet MP3,Label,Unknown,Jass Manak & Guri (5),,,https://www.discogs.com/label/2510527,Discogs,
Geet MP3,Label,Unknown,Jass Manak & Rajat Nagpal,,,https://www.discogs.com/label/2510527,Discogs,
Geet MP3,Label,Unknown,Bohemia*,,,https://www.discogs.com/label/2510527,Discogs,
Geet MP3,Label,Unknown,"Karan Aujla, Deep Jandu & Manna Music (2)",,,https://www.discogs.com/label/2510527,Discogs,
Geet MP3,Label,Unknown,Karan Randhawa,,,https://www.discogs.com/label/2510527,Discogs,
Geet MP3,Label,Unknown,Jordan Sandhu,,,https://www.discogs.com/label/2510527,Discogs,
Geet MP3,Label,Unknown,"Jass Manak, Rajat Nagpal & Sharry Nexus",,,https://www.discogs.com/label/2510527,Discogs,
Geet MP3,Label,Unknown,Sachet Tandon & Snipr,,,https://www.discogs.com/label/2510527,Discogs,
Geet MP3,Label,Unknown,Atif Aslam & Snipr,,,https://www.discogs.com/label/2510527,Discogs,
Geet MP3,Label,Unknown,Hashmat Sultana & Snipr,,,https://www.discogs.com/label/2510527,Discogs,
Geet MP3,Label,Unknown,Rahat Fateh Ali Khan* & Snipr,,,https://www.discogs.com/label/2510527,Discogs,
Geet MP3,Label,Unknown,"Jass Manak, Asees Kaur, Rajat Nagpal & Sharry Nexus",,,https://www.discogs.com/label/2510527,Discogs,
Geet MP3,Label,Unknown,"Rajat Nagpal, MixSingh, Jass Manak & Guri (5)",,,https://www.discogs.com/label/2510527,Discogs,
Geet MP3,Label,Unknown,"Jass Manak, Sharry Nexus, Rajat Nagpal & Snipr",,,https://www.discogs.com/label/2510527,Discogs,
Geet MP3,Label,Unknown,Jass Manak & Emiway Bantai,,,https://www.discogs.com/label/2510527,Discogs,
Geet MP3,Label,Unknown,Jass Manak & Jagpal Sandhu,,,https://www.discogs.com/label/2510527,Discogs,
Gemini Audio Ltd.,Label,Unknown,Harj-D*,,,https://www.discogs.com/label/1464563,Discogs,
Gemini Audio Ltd.,Label,Unknown,"DJ Raf, Amar",,,https://www.discogs.com/label/1464563,Discogs,
Gemini Audio Ltd.,Label,Unknown,Kumar Sanu,,,https://www.discogs.com/label/1464563,Discogs,
Gemini Audio Ltd.,Label,Unknown,"Kumar Sanu, Alka Yagnik, Udit Narayan",,,https://www.discogs.com/label/1464563,Discogs,
Gemini Audio Ltd.,Label,Unknown,Satish Kochar,,,https://www.discogs.com/label/1464563,Discogs,
Gemini Audio Ltd.,Label,Unknown,Jolly Mukherjee,,,https://www.discogs.com/label/1464563,Discogs,
Gemini Audio Ltd.,Label,Unknown,"Anu Malik, Mahesh Kishor",,,https://www.discogs.com/label/1464563,Discogs,
Gemini Audio Ltd.,Label,Unknown,Preet Dicky,,,https://www.discogs.com/label/1464563,Discogs,
Gemini Audio Ltd.,Label,Unknown,Nadeem Shravan,,,https://www.discogs.com/label/1464563,Discogs,
Gemini Audio Ltd.,Label,Unknown,Ghulam Ali,,,https://www.discogs.com/label/1464563,Discogs,
Gemini Audio Ltd.,Label,Unknown,Reshma,,,https://www.discogs.com/label/1464563,Discogs,
Hi Fi (3),Label,Unknown,Kalyanji Anandji*,,,https://www.discogs.com/label/981435,Discogs,
Hits From Old Movies,Label,Unknown,Jnan Dutt* / Nashad,,,https://www.discogs.com/label/1100202,Discogs,
Hits From Old Movies,Label,Unknown,C. Ramchandra,,,https://www.discogs.com/label/1100202,Discogs,
Hits From Old Movies,Label,Unknown,Ravi,,,https://www.discogs.com/label/1100202,Discogs,
Hits From Old Movies,Label,Unknown,"Naushad, Shakeel Badayuni",,,https://www.discogs.com/label/1100202,Discogs,
Hits From Old Movies,Label,Unknown,"Naushad, Hemant Kumar",,,https://www.discogs.com/label/1100202,Discogs,
Hits From Old Movies,Label,Unknown,Shankar Jaikishan*,,,https://www.discogs.com/label/1100202,Discogs,
Hits From Old Movies,Label,Unknown,"Madan Mohan, Rajinder Krishan",,,https://www.discogs.com/label/1100202,Discogs,
Hits From Old Movies,Label,Unknown,Jayanti Joshi / Madan Mohan,,,https://www.discogs.com/label/1100202,Discogs,
Hits From Old Movies,Label,Unknown,Naushad / Shankar Jaikishan*,,,https://www.discogs.com/label/1100202,Discogs,
HOM - House Of Music Records & Tapes Pvt. Ltd.,Label,Unknown,Midival Punditz* & Karsh Kale,,,https://www.discogs.com/label/24912,Discogs,
HOM - House Of Music Records & Tapes Pvt. Ltd.,Label,Unknown,"Vishal*, Gulzar",,,https://www.discogs.com/label/24912,Discogs,
HOM - House Of Music Records & Tapes Pvt. Ltd.,Label,Unknown,Ustad Zakir Hussain* / Pandit Kunnakkudi Vaidyanathan*,,,https://www.discogs.com/label/24912,Discogs,
HOM - House Of Music Records & Tapes Pvt. Ltd.,Label,Unknown,Lata Mangeshkar,,,https://www.discogs.com/label/24912,Discogs,
HOM - House Of Music Records & Tapes Pvt. Ltd.,Label,Unknown,Asha Bhosle,,,https://www.discogs.com/label/24912,Discogs,
HOM - House Of Music Records & Tapes Pvt. Ltd.,Label,Unknown,Hariprasad Chaurasia,,,https://www.discogs.com/label/24912,Discogs,
HOM - House Of Music Records & Tapes Pvt. Ltd.,Label,Unknown,Sukhbir,,,https://www.discogs.com/label/24912,Discogs,
HOM - House Of Music Records & Tapes Pvt. Ltd.,Label,Unknown,DJ Sanj,,,https://www.discogs.com/label/24912,Discogs,
HOM - House Of Music Records & Tapes Pvt. Ltd.,Label,Unknown,Shujaat Husain Khan,,,https://www.discogs.com/label/24912,Discogs,
HOM - House Of Music Records & Tapes Pvt. Ltd.,Label,Unknown,Dr Zeus*,,,https://www.discogs.com/label/24912,Discogs,
HOM - House Of Music Records & Tapes Pvt. Ltd.,Label,Unknown,Groove Armada,,,https://www.discogs.com/label/24912,Discogs,
HOM - House Of Music Records & Tapes Pvt. Ltd.,Label,Unknown,SAAZ,,,https://www.discogs.com/label/24912,Discogs,
Ishtar (3),Label,Unknown,"A.R. Rahman, Gulzar",,,https://www.discogs.com/label/2278255,Discogs,
Ishtar (3),Label,Unknown,"Sandeep Chowta, Nitin Raikwar",,,https://www.discogs.com/label/2278255,Discogs,
Ishtar (3),Label,Unknown,"Anand - Milind*, Sameer",,,https://www.discogs.com/label/2278255,Discogs,
Ishtar (3),Label,Unknown,Anu Malik,,,https://www.discogs.com/label/2278255,Discogs,
Ishtar (3),Label,Unknown,"Laxmikant - Pyarelal*, Anand Bakshi",,,https://www.discogs.com/label/2278255,Discogs,
Ishtar (3),Label,Unknown,"Bappi Lahiri, Anjaan & Indivar",,,https://www.discogs.com/label/2278255,Discogs,
Ishtar (3),Label,Unknown,"Viju Shah, Anand Bakshi & Indivar",,,https://www.discogs.com/label/2278255,Discogs,
Ishtar (3),Label,Unknown,"Sameer, Nadeem - Shravan*",,,https://www.discogs.com/label/2278255,Discogs,
Ishtar (3),Label,Unknown,"Nadeem - Shravan*, Sameer",,,https://www.discogs.com/label/2278255,Discogs,
Ishtar (3),Label,Unknown,"Nadeem Shravan, Sameer",,,https://www.discogs.com/label/2278255,Discogs,
Ishtar (3),Label,Unknown,"Rajesh Roshan, Indivar & Payam Saeedi",,,https://www.discogs.com/label/2278255,Discogs,
Ishtar (3),Label,Unknown,"R. D. Burman, Indivar",,,https://www.discogs.com/label/2278255,Discogs,
Ishtar (3),Label,Unknown,"A R Rahman*, Swanand Kirkire",,,https://www.discogs.com/label/2278255,Discogs,
Ishtar (3),Label,Unknown,Nadeem Shravan,,,https://www.discogs.com/label/2278255,Discogs,
Ishtar (3),Label,Unknown,"Anu Malik, Dev Kohli",,,https://www.discogs.com/label/2278255,Discogs,
Ishtar (3),Label,Unknown,"Shyam - Surender*, Indivar & Gauhar Kanpuri",,,https://www.discogs.com/label/2278255,Discogs,
Ishtar (3),Label,Unknown,"Laxmikant - Pyarelal*, Mangesh Kulkarni",,,https://www.discogs.com/label/2278255,Discogs,
Ishtar (3),Label,Unknown,"Jatin - Lalit*, Majrooh Sultanpuri, Shaahid Bijnauri & Sharookh Mirza",,,https://www.discogs.com/label/2278255,Discogs,
Ishtar (3),Label,Unknown,"Himesh Reshammiya, Sudhakar Sharma",,,https://www.discogs.com/label/2278255,Discogs,
Ishtar (3),Label,Unknown,"Anu Malik, Sameer & Nitin Raikwar",,,https://www.discogs.com/label/2278255,Discogs,
Ishtar (3),Label,Unknown,"Anu Malik, Sameer & Javed Akhtar",,,https://www.discogs.com/label/2278255,Discogs,
Ishtar (3),Label,Unknown,"Gulzar, Vishal*, Sandeep Chowta",,,https://www.discogs.com/label/2278255,Discogs,
Ishtar (3),Label,Unknown,"Jatin - Lalit*, Javed Akhtar",,,https://www.discogs.com/label/2278255,Discogs,
Ishtar (3),Label,Unknown,Ravindra Jain & Yogesh,,,https://www.discogs.com/label/2278255,Discogs,
Ishtar (3),Label,Unknown,"Anu Malik, Javed Akhtar",,,https://www.discogs.com/label/2278255,Discogs,
Ishtar (3),Label,Unknown,"R D Burman* & Anu Malik, Majrooh Sultanpuri",,,https://www.discogs.com/label/2278255,Discogs,
Ishtar (3),Label,Unknown,"Bappi Lahiri, Anjaan, Prakash Mehra & Maya Govind",,,https://www.discogs.com/label/2278255,Discogs,
Ishtar (3),Label,Unknown,Basu Chakraverthy*,,,https://www.discogs.com/label/2278255,Discogs,
Ishtar (3),Label,Unknown,Jatin - Lalit*,,,https://www.discogs.com/label/2278255,Discogs,
Ishtar (3),Label,Unknown,"Anand - Milind*, Majrooh Sultanpuri",,,https://www.discogs.com/label/2278255,Discogs,
Ishtar (3),Label,Unknown,"Bappi Lahiri, Anjaan",,,https://www.discogs.com/label/2278255,Discogs,
Ishtar (3),Label,Unknown,"Anand Milind, Sameer",,,https://www.discogs.com/label/2278255,Discogs,
Ishtar (3),Label,Unknown,"Rajesh Roshan, Suraj Sanim",,,https://www.discogs.com/label/2278255,Discogs,
Ishtar (3),Label,Unknown,"Bappi Lahiri, Indivar",,,https://www.discogs.com/label/2278255,Discogs,
Ishtar (3),Label,Unknown,"Rajesh Roshan, Indivar",,,https://www.discogs.com/label/2278255,Discogs,
J.P. Films,Label,Unknown,"Anu Malik, Javed Akhtar",,,https://www.discogs.com/label/1306236,Discogs,
J.P. Films,Label,Unknown,Zubeen Garg,,,https://www.discogs.com/label/1306236,Discogs,
Jass Records (4),Label,Unknown,Amar Sehmbi,,,https://www.discogs.com/label/2895524,Discogs,
Jass Records (4),Label,Unknown,Amar Sehmbi & Sudesh Kumari,,,https://www.discogs.com/label/2895524,Discogs,
Jass Records (4),Label,Unknown,Gurnam Bhullar,,,https://www.discogs.com/label/2895524,Discogs,
Jass Records (4),Label,Unknown,Amar Sehmbi & Gurlez Akhtar,,,https://www.discogs.com/label/2895524,Discogs,
Jass Records (4),Label,Unknown,Sara Gurpal,,,https://www.discogs.com/label/2895524,Discogs,
Jass Records (4),Label,Unknown,Happy Raikoti & Afsana Khan,,,https://www.discogs.com/label/2895524,Discogs,
Jass Records (4),Label,Unknown,Happy Raikoti,,,https://www.discogs.com/label/2895524,Discogs,
Jass Records (4),Label,Unknown,Mannat Noor & Happy Raikoti,,,https://www.discogs.com/label/2895524,Discogs,
KFWB,Label,Unknown,Jim Healy (4),,,https://www.discogs.com/label/664379,Discogs,
Les Musiques De Films De Bollywood,Label,Unknown,"Jatin Lalit, Anand Bakshi",,,https://www.discogs.com/label/756716,Discogs,
Lift Mood Melodies,Label,Unknown,Kishore* & Lata*,,,https://www.discogs.com/label/1891282,Discogs,
Lift Mood Melodies,Label,Unknown,Lata*,,,https://www.discogs.com/label/1891282,Discogs,
Lift Mood Melodies,Label,Unknown,Kishore Kumar & Asha*,,,https://www.discogs.com/label/1891282,Discogs,
Monogram (5),Label,Unknown,نعمت‌الله آغاسی,,,https://www.discogs.com/label/449600,Discogs,
Monogram (5),Label,Unknown,گیتی,,,https://www.discogs.com/label/449600,Discogs,
Monogram (5),Label,Unknown,عارف,,,https://www.discogs.com/label/449600,Discogs,
Monogram (5),Label,Unknown,گلپا*,,,https://www.discogs.com/label/449600,Discogs,
Monogram (5),Label,Unknown,ﮔﻮﮔﻮش*,,,https://www.discogs.com/label/449600,Discogs,
Monogram (5),Label,Unknown,"عباس مهرپویا*, ویگن",,,https://www.discogs.com/label/449600,Discogs,
Monogram (5),Label,Unknown,Unknown Artist,,,https://www.discogs.com/label/449600,Discogs,
Monogram (5),Label,Unknown,Sly & The Family Stone,,,https://www.discogs.com/label/449600,Discogs,
Monogram (5),Label,Unknown,Fausto Papetti,,,https://www.discogs.com/label/449600,Discogs,
Monogram (5),Label,Unknown,"گوگوش*, رامش, قنبری*",,,https://www.discogs.com/label/449600,Discogs,
Monogram (5),Label,Unknown,عهدیه,,,https://www.discogs.com/label/449600,Discogs,
Monogram (5),Label,Unknown,Farid El Atrache,,,https://www.discogs.com/label/449600,Discogs,
Monogram (5),Label,Unknown,ویگن,,,https://www.discogs.com/label/449600,Discogs,
Monogram (5),Label,Unknown,ایرج,,,https://www.discogs.com/label/449600,Discogs,
Monogram (5),Label,Unknown,"گوگوش*, ویلسون",,,https://www.discogs.com/label/449600,Discogs,
Monogram (5),Label,Unknown,"رامش, عهدیه",,,https://www.discogs.com/label/449600,Discogs,
Monogram (5),Label,Unknown,The Beatles,,,https://www.discogs.com/label/449600,Discogs,
Monogram (5),Label,Unknown,The Beatles / The Rolling Stones,,,https://www.discogs.com/label/449600,Discogs,
Monogram (5),Label,Unknown,"The Beatles, Dionne Warwick, Tommy James",,,https://www.discogs.com/label/449600,Discogs,
Monogram (5),Label,Unknown,گلدن رینگ*,,,https://www.discogs.com/label/449600,Discogs,
Monogram (5),Label,Unknown,Kalyanji Anandji*,,,https://www.discogs.com/label/449600,Discogs,
Monogram (5),Label,Unknown,گروه گلدن رینگ,,,https://www.discogs.com/label/449600,Discogs,
Monogram (5),Label,Unknown,"گوگوش*, عهدیه, ایرج, مقبلی*",,,https://www.discogs.com/label/449600,Discogs,
Monogram (5),Label,Unknown,ویگن / رامش,,,https://www.discogs.com/label/449600,Discogs,
Monogram (5),Label,Unknown,Laxmikant Pyarelal*,,,https://www.discogs.com/label/449600,Discogs,
Monogram (5),Label,Unknown,رویا,,,https://www.discogs.com/label/449600,Discogs,
Monogram (5),Label,Unknown,گوگوش*,,,https://www.discogs.com/label/449600,Discogs,
Monogram (5),Label,Unknown,I Poon* / Tony Dallara / Gigliola Cinguetti / Peppino Di Capri,,,https://www.discogs.com/label/449600,Discogs,
Monogram (5),Label,Unknown,"گوگوش*, الهه",,,https://www.discogs.com/label/449600,Discogs,
Monogram (5),Label,Unknown,Aretha Franklin / Charles Aznavour,,,https://www.discogs.com/label/449600,Discogs,
Monogram (5),Label,Unknown,"Aretha Franklin, Solomon Burke, Carla Thomas, Arthur Conley",,,https://www.discogs.com/label/449600,Discogs,
Monogram (5),Label,Unknown,The Rolling Stones,,,https://www.discogs.com/label/449600,Discogs,
Monogram (5),Label,Unknown,Laxmikant-Pyarelal,,,https://www.discogs.com/label/449600,Discogs,
Monogram (5),Label,Unknown,Laxmikant Pyarelal* • Anand Bakshi,,,https://www.discogs.com/label/449600,Discogs,
Monogram (5),Label,Unknown,Françoise Hardy,,,https://www.discogs.com/label/449600,Discogs,
Monogram (5),Label,Unknown,Frank Sinatra,,,https://www.discogs.com/label/449600,Discogs,
Monogram (5),Label,Unknown,Sheila (5),,,https://www.discogs.com/label/449600,Discogs,
Monogram (5),Label,Unknown,Hemant Kumar,,,https://www.discogs.com/label/449600,Discogs,
Mukta Arts Limited,Label,Unknown,"Ismail Darbar & Salim-Sulaiman, Irshad Kamil",,,https://www.discogs.com/label/1408974,Discogs,
Mukta Arts Limited,Label,Unknown,"Sanjoy-Raja, Gulzar",,,https://www.discogs.com/label/1408974,Discogs,
Mukta Arts Limited,Label,Unknown,Pritam*,,,https://www.discogs.com/label/1408974,Discogs,
Mukta Arts Limited,Label,Unknown,AR Rahman*,,,https://www.discogs.com/label/1408974,Discogs,
Mukta Arts Limited,Label,Unknown,Monty* & Sameer,,,https://www.discogs.com/label/1408974,Discogs,
Mukta Arts Limited,Label,Unknown,"A.R. Rahman, Gulzar",,,https://www.discogs.com/label/1408974,Discogs,
Mukta Arts Limited,Label,Unknown,"Sukhvinder Singh*, Ibraheem Ashk*",,,https://www.discogs.com/label/1408974,Discogs,
Mukta Arts Limited,Label,Unknown,Himesh Reshammiya,,,https://www.discogs.com/label/1408974,Discogs,
Mukta Arts Limited,Label,Unknown,Tabun Sutradhar,,,https://www.discogs.com/label/1408974,Discogs,
Mukta Arts Limited,Label,Unknown,"Pritam, Shabbir Ahmed",,,https://www.discogs.com/label/1408974,Discogs,
Mukta Arts Limited,Label,Unknown,Shankar Ehsaan Loy,,,https://www.discogs.com/label/1408974,Discogs,
Mukta Arts Limited,Label,Unknown,Anu Malik · Anand Bakshi,,,https://www.discogs.com/label/1408974,Discogs,
Mukta Arts Limited,Label,Unknown,Anu Malik • Anand Bakshi,,,https://www.discogs.com/label/1408974,Discogs,
Mukta Arts Pvt. Ltd.,Label,Unknown,"Tabun Sutradhar, Suresh Lalwani",,,https://www.discogs.com/label/988082,Discogs,
Mukta Arts Pvt. Ltd.,Label,Unknown,Nadeem Shravan,,,https://www.discogs.com/label/988082,Discogs,
Music World (17),Label,Unknown,Salim-Sulaiman,,,https://www.discogs.com/label/1244429,Discogs,
Music World (17),Label,Unknown,"A.R. Rahman, Ismail Darbar, Vishal & Shekhar",,,https://www.discogs.com/label/1244429,Discogs,
Music World (17),Label,Unknown,A.R. Rahman,,,https://www.discogs.com/label/1244429,Discogs,
Music World (17),Label,Unknown,"The Late Madan Mohan*, Javed Akhtar",,,https://www.discogs.com/label/1244429,Discogs,
Music World (17),Label,Unknown,Unknown artist,,,https://www.discogs.com/label/1244429,Discogs,
Music World (17),Label,Unknown,Nikhil-Vinay & Rajendra Salil,,,https://www.discogs.com/label/1244429,Discogs,
Music World (17),Label,Unknown,Himesh Reshammiya,,,https://www.discogs.com/label/1244429,Discogs,
Music World (17),Label,Unknown,A.R. Rahman / Shankar Ehsaan Loy,,,https://www.discogs.com/label/1244429,Discogs,
Music World (17),Label,Unknown,Rajesh Roshan,,,https://www.discogs.com/label/1244429,Discogs,
Music World (17),Label,Unknown,"Sanjeev Darshan*, Sameer, Sfsar*",,,https://www.discogs.com/label/1244429,Discogs,
Music World (17),Label,Unknown,Sanjeev-Darshan • Sameer,,,https://www.discogs.com/label/1244429,Discogs,
Music World (17),Label,Unknown,"A.R. Rahman, Anu Malik",,,https://www.discogs.com/label/1244429,Discogs,
Music World (17),Label,Unknown,Aadesh Shrivastava,,,https://www.discogs.com/label/1244429,Discogs,
Music World (17),Label,Unknown,A.R. Rahman / Himesh Reshammiya,,,https://www.discogs.com/label/1244429,Discogs,
Music World (17),Label,Unknown,Shankar Ehsaan Loy,,,https://www.discogs.com/label/1244429,Discogs,
Music World (17),Label,Unknown,A R Rahman*,,,https://www.discogs.com/label/1244429,Discogs,
Music World (17),Label,Unknown,Ismail Darbar,,,https://www.discogs.com/label/1244429,Discogs,
Music World (17),Label,Unknown,Pankaj Udhas,,,https://www.discogs.com/label/1244429,Discogs,
Music World (17),Label,Unknown,"A.R. Rahman, Tabun Sutradhar",,,https://www.discogs.com/label/1244429,Discogs,
Music World (17),Label,Unknown,"Rajesh Roshan, Bappi Lahiri",,,https://www.discogs.com/label/1244429,Discogs,
Music World (17),Label,Unknown,"Nadeem-Sharavan*, Sameer",,,https://www.discogs.com/label/1244429,Discogs,
Music World (17),Label,Unknown,Ghulam Ali,,,https://www.discogs.com/label/1244429,Discogs,
Music World (17),Label,Unknown,Alisha*,,,https://www.discogs.com/label/1244429,Discogs,
Music World (17),Label,Unknown,The Sahotas,,,https://www.discogs.com/label/1244429,Discogs,
Music World (17),Label,Unknown,"A. R. Rahman*, Gulzar",,,https://www.discogs.com/label/1244429,Discogs,
Music World (17),Label,Unknown,"Jatin Lalit, Nadeem Shravan",,,https://www.discogs.com/label/1244429,Discogs,
Music World (17),Label,Unknown,"Ustad Munir Khan, Imrat Hussain Khan, Ustad Zamir Ahmed Khan*",,,https://www.discogs.com/label/1244429,Discogs,
Music World (17),Label,Unknown,Bappi Lahiri / Indeewar*,,,https://www.discogs.com/label/1244429,Discogs,
Music World (17),Label,Unknown,Mukesh,,,https://www.discogs.com/label/1244429,Discogs,
Music World (17),Label,Unknown,Anand Milind,,,https://www.discogs.com/label/1244429,Discogs,
Music World (17),Label,Unknown,"Nadeem Shravan, R. D. Burman",,,https://www.discogs.com/label/1244429,Discogs,
Music World (17),Label,Unknown,"Jagjit Singh, Chitra Singh",,,https://www.discogs.com/label/1244429,Discogs,
Music World (17),Label,Unknown,Daler Mehndi,,,https://www.discogs.com/label/1244429,Discogs,
Music World (17),Label,Unknown,Jagjit Singh,,,https://www.discogs.com/label/1244429,Discogs,
Music World (17),Label,Unknown,Stereo Nation,,,https://www.discogs.com/label/1244429,Discogs,
Music World (17),Label,Unknown,"Jatin-Lalit*, Anand Bakshi",,,https://www.discogs.com/label/1244429,Discogs,
Music World (17),Label,Unknown,Tallat Mehmood*,,,https://www.discogs.com/label/1244429,Discogs,
Music World (17),Label,Unknown,Instant Karma (5),,,https://www.discogs.com/label/1244429,Discogs,
Nostalgic Indian Tunes On Piano,Label,Unknown,Brian Silas,,,https://www.discogs.com/label/1644887,Discogs,
Nostalgic Indian Tunes On Piano,Label,Unknown,Gulshan Kumar Presents Brian Silas,,,https://www.discogs.com/label/1644887,Discogs,
Panchathan Record Inn,Label,Unknown,"A.R. Rahman, Gulzar",,,https://www.discogs.com/label/294187,Discogs,
Panchathan Record Inn,Label,Unknown,"A.R. Rahman, Mehboob (2)",,,https://www.discogs.com/label/294187,Discogs,
Panchathan Record Inn,Label,Unknown,A.R. Rahman,,,https://www.discogs.com/label/294187,Discogs,
Panchathan Record Inn,Label,Unknown,"A.R. Rahman, Javed Akhtar",,,https://www.discogs.com/label/294187,Discogs,
Panchathan Record Inn,Label,Unknown,"AR Rahman*, Irshad Kamil",,,https://www.discogs.com/label/294187,Discogs,
Panchathan Record Inn,Label,Unknown,A R Rahman*,,,https://www.discogs.com/label/294187,Discogs,
Panchathan Record Inn,Label,Unknown,"Javed Akhtar, A. R. Rahman*",,,https://www.discogs.com/label/294187,Discogs,
Panchathan Record Inn,Label,Unknown,Dido,,,https://www.discogs.com/label/294187,Discogs,
Panchathan Record Inn,Label,Unknown,SuperHeavy,,,https://www.discogs.com/label/294187,Discogs,
Panchathan Record Inn,Label,Unknown,"A. R. Rahman*, Abbas Tyrewala",,,https://www.discogs.com/label/294187,Discogs,
Panchathan Record Inn,Label,Unknown,A. R. Rahman*,,,https://www.discogs.com/label/294187,Discogs,
Panorama Music (2),Label,Unknown,"Shor Police, Siddhant Kaushal",,,https://www.discogs.com/label/2749232,Discogs,
Panorama Music (2),Label,Unknown,Jasleen Royal,,,https://www.discogs.com/label/2749232,Discogs,
Panorama Music (2),Label,Unknown,Rockstar DSP*,,,https://www.discogs.com/label/2749232,Discogs,
Perfect Magic,Label,Unknown,"Aadesh Shrivastava, Sameer",,,https://www.discogs.com/label/1873355,Discogs,
Planet Bollywood,Label,Unknown,"Mr. Smith (18), Mr. Jones (38)",,,https://www.discogs.com/label/2933585,Discogs,
Rare Gems,Label,Unknown,C.H. Atma,,,https://www.discogs.com/label/1362110,Discogs,
Rare Gems,Label,Unknown,Asha Bhosle & Mohd. Rafi*,,,https://www.discogs.com/label/1362110,Discogs,
Rare Gems,Label,Unknown,Asha Bhosle,,,https://www.discogs.com/label/1362110,Discogs,
Rare Gems,Label,Unknown,Mohd. Rafi*,,,https://www.discogs.com/label/1362110,Discogs,
Rare Gems,Label,Unknown,"Asha Bhosle, Mohd. Rafi*",,,https://www.discogs.com/label/1362110,Discogs,
Rare Gems,Label,Unknown,Kishore Kumar,,,https://www.discogs.com/label/1362110,Discogs,
Rare Gems,Label,Unknown,Lata Mangeshkar,,,https://www.discogs.com/label/1362110,Discogs,
Rare Gems,Label,Unknown,"Lata Mangeshkar, Mohd. Rafi*",,,https://www.discogs.com/label/1362110,Discogs,
Rare Gems,Label,Unknown,Lata Mangeshkar & Mukesh,,,https://www.discogs.com/label/1362110,Discogs,
Rare Gems,Label,Unknown,Manna Dey,,,https://www.discogs.com/label/1362110,Discogs,
Rare Gems,Label,Unknown,Noorjehan*,,,https://www.discogs.com/label/1362110,Discogs,
Rare Gems,Label,Unknown,"Mukesh, Asha Bhosle",,,https://www.discogs.com/label/1362110,Discogs,
Rare Gems,Label,Unknown,Mukesh,,,https://www.discogs.com/label/1362110,Discogs,
Rare Gems,Label,Unknown,Talat Mahmood,,,https://www.discogs.com/label/1362110,Discogs,
Rare Gems,Label,Unknown,Hemant Kumar,,,https://www.discogs.com/label/1362110,Discogs,
Rare Gems,Label,Unknown,Mohammed Rafi,,,https://www.discogs.com/label/1362110,Discogs,
Rare Gems,Label,Unknown,Geeta Dutt,,,https://www.discogs.com/label/1362110,Discogs,
Revival (11),Label,Unknown,Dr. K. J. Yesudas*,,,https://www.discogs.com/label/1272569,Discogs,
Revival (11),Label,Unknown,Lata*,,,https://www.discogs.com/label/1272569,Discogs,
Revival (11),Label,Unknown,Rafi*,,,https://www.discogs.com/label/1272569,Discogs,
Revival (11),Label,Unknown,Mukesh,,,https://www.discogs.com/label/1272569,Discogs,
Revival (11),Label,Unknown,Kishore Kumar,,,https://www.discogs.com/label/1272569,Discogs,
Revival (11),Label,Unknown,Lata Mangeshkar,,,https://www.discogs.com/label/1272569,Discogs,
Revival (11),Label,Unknown,Asha Bhosle,,,https://www.discogs.com/label/1272569,Discogs,
Revival (11),Label,Unknown,Mohd. Rafi*,,,https://www.discogs.com/label/1272569,Discogs,
Rhythm Boyz,Label,Unknown,Amrinder Gill,,,https://www.discogs.com/label/2379913,Discogs,
Rhythm Boyz,Label,Unknown,VS5 Music & Amrinder Gill,,,https://www.discogs.com/label/2379913,Discogs,
Rhythm Boyz,Label,Unknown,Tru-Skool*,,,https://www.discogs.com/label/2379913,Discogs,
Rhythm Boyz,Label,Unknown,"Tru Skool*, Diljit Dosanjh & Nimrat Khaira",,,https://www.discogs.com/label/2379913,Discogs,
Rhythm Boyz,Label,Unknown,Tru Skool* & Diljit Dosanjh,,,https://www.discogs.com/label/2379913,Discogs,
Rhythm Boyz,Label,Unknown,"Avvy Sra, Chet Singh (2) & VS5 Music",,,https://www.discogs.com/label/2379913,Discogs,
Rhythm Boyz,Label,Unknown,Gurmeet Singh & Amrinder Gill,,,https://www.discogs.com/label/2379913,Discogs,
Rhythm Boyz,Label,Unknown,Manna Singh & Bir Singh,,,https://www.discogs.com/label/2379913,Discogs,
Rhythm Boyz,Label,Unknown,"Tru Skool*, Raj Ranjodh & Nimrat Khaira",,,https://www.discogs.com/label/2379913,Discogs,
Rhythm Boyz,Label,Unknown,Avvy Sra & Navi Sran,,,https://www.discogs.com/label/2379913,Discogs,
Rhythm Boyz,Label,Unknown,"Chet Singh (2), Ammy Virk & Pari Pandher",,,https://www.discogs.com/label/2379913,Discogs,
Rhythm Boyz,Label,Unknown,Avvy Sra & Ammy Virk,,,https://www.discogs.com/label/2379913,Discogs,
Rhythm Boyz,Label,Unknown,Amrinder Gill & Lowkey (13),,,https://www.discogs.com/label/2379913,Discogs,
Rhythm Boyz,Label,Unknown,"Jatinder Shah, INTENSE (31), MixSingh, Dr. Zeus & Snappy (9)",,,https://www.discogs.com/label/2379913,Discogs,
Rhythm Boyz,Label,Unknown,"Jaidev Kumar, R Guru",,,https://www.discogs.com/label/2379913,Discogs,
RMB (Roma Music Bank),Label,Unknown,Gurdas Maan,,,https://www.discogs.com/label/118839,Discogs,
Roebuck Record,Label,Unknown,M. S. Viswanathan / G. K. Venkatesh,,,https://www.discogs.com/label/846841,Discogs,
Roebuck Record,Label,Unknown,"Gangai Amaran, Ilaiyaraaja",,,https://www.discogs.com/label/846841,Discogs,
Roebuck Record,Label,Unknown,Ilaiyaraja*,,,https://www.discogs.com/label/846841,Discogs,
Roebuck Record,Label,Unknown,M. S. Viswanathan,,,https://www.discogs.com/label/846841,Discogs,
Roebuck Record,Label,Unknown,"Ilaiyaraaja, Kunnakkudi Vaidyanathan",,,https://www.discogs.com/label/846841,Discogs,
Roebuck Record,Label,Unknown,Laxmikant-Pyarelal,,,https://www.discogs.com/label/846841,Discogs,
Roebuck Record,Label,Unknown,"M. S. Viswanathan, Ilaiyaraaja",,,https://www.discogs.com/label/846841,Discogs,
Roebuck Record,Label,Unknown,Shankar Jaikishan*,,,https://www.discogs.com/label/846841,Discogs,
Roebuck Record,Label,Unknown,R. D. Burman,,,https://www.discogs.com/label/846841,Discogs,
Roebuck Record,Label,Unknown,S. D. Burman,,,https://www.discogs.com/label/846841,Discogs,
Roebuck Record,Label,Unknown,Laxmikant Pyarelal*,,,https://www.discogs.com/label/846841,Discogs,
Roebuck Record,Label,Unknown,T.M. Sounderarajan*,,,https://www.discogs.com/label/846841,Discogs,
Roebuck Record,Label,Unknown,Unknown Artist,,,https://www.discogs.com/label/846841,Discogs,
Roebuck Record,Label,Unknown,M.S. Subbulakshmi,,,https://www.discogs.com/label/846841,Discogs,
Roebuck Record,Label,Unknown,T.M. Soundararajan,,,https://www.discogs.com/label/846841,Discogs,
Roebuck Record,Label,Unknown,Rahul Dev Burman*,,,https://www.discogs.com/label/846841,Discogs,
Roebuck Record,Label,Unknown,Madan Mohan,,,https://www.discogs.com/label/846841,Discogs,
Roebuck Record,Label,Unknown,Ravi,,,https://www.discogs.com/label/846841,Discogs,
Roebuck Record,Label,Unknown,Rajesh Roshan,,,https://www.discogs.com/label/846841,Discogs,
Roebuck Record,Label,Unknown,Enoch Daniels,,,https://www.discogs.com/label/846841,Discogs,
Roebuck Record,Label,Unknown,Bappi Lahiri,,,https://www.discogs.com/label/846841,Discogs,
Roebuck Record,Label,Unknown,Khayyam,,,https://www.discogs.com/label/846841,Discogs,
Roebuck Record,Label,Unknown,Ravindra Jain,,,https://www.discogs.com/label/846841,Discogs,
Roebuck Record,Label,Unknown,"Kalyanji-Anandji, Laxmikant-Pyarelal",,,https://www.discogs.com/label/846841,Discogs,
Roebuck Record,Label,Unknown,"R. D. Burman, Sahir Ludhianvi",,,https://www.discogs.com/label/846841,Discogs,
Roma Music Bank,Label,Unknown,"Skillz Inc Productions*, Dakuz, Ranjit Mani & Surinder Shinda",,,https://www.discogs.com/label/1091682,Discogs,
Roma Music Bank,Label,Unknown,Narinder Manak-E*,,,https://www.discogs.com/label/1091682,Discogs,
Roma Music Bank,Label,Unknown,A.S. Kang featuring D / I / P,,,https://www.discogs.com/label/1091682,Discogs,
Roma Music Bank,Label,Unknown,Ajuba (2),,,https://www.discogs.com/label/1091682,Discogs,
Roma Music Bank,Label,Unknown,The Pardesi Bhangra Music Machine*,,,https://www.discogs.com/label/1091682,Discogs,
Roma Music Bank,Label,Unknown,L'Saaz,,,https://www.discogs.com/label/1091682,Discogs,
Roma Music Bank,Label,Unknown,Ajuba (2) Featuring Pato Banton,,,https://www.discogs.com/label/1091682,Discogs,
Roma Music Bank,Label,Unknown,The Pardesi Bhangra Music Machine,,,https://www.discogs.com/label/1091682,Discogs,
Roma Music Bank,Label,Unknown,Stereo Nation,,,https://www.discogs.com/label/1091682,Discogs,
Roma Music Bank,Label,Unknown,Kamaal Khan,,,https://www.discogs.com/label/1091682,Discogs,
Roma Music Bank,Label,Unknown,"Surinder Shinda, Skillz Inc Productions*, Dakuz",,,https://www.discogs.com/label/1091682,Discogs,
Roma Music Bank,Label,Unknown,Harjit Singh,,,https://www.discogs.com/label/1091682,Discogs,
Roma Music Bank,Label,Unknown,Azaad,,,https://www.discogs.com/label/1091682,Discogs,
Roma Music Bank,Label,Unknown,Safri Boyz*,,,https://www.discogs.com/label/1091682,Discogs,
Roma Music Bank,Label,Unknown,A.S. Kang,,,https://www.discogs.com/label/1091682,Discogs,
Roma Music Bank,Label,Unknown,Manak-E,,,https://www.discogs.com/label/1091682,Discogs,
Roma Music Bank,Label,Unknown,Amar*,,,https://www.discogs.com/label/1091682,Discogs,
Roma Music Bank,Label,Unknown,Surinder Shinda,,,https://www.discogs.com/label/1091682,Discogs,
Roma Music Bank,Label,Unknown,Jasvir Khushdilkheliyawala*,,,https://www.discogs.com/label/1091682,Discogs,
Roma Music Bank,Label,Unknown,Kuldip Manak Presents M-Manak,,,https://www.discogs.com/label/1091682,Discogs,
Roma Music Bank,Label,Unknown,Amit Kumar,,,https://www.discogs.com/label/1091682,Discogs,
Roma Music Bank,Label,Unknown,Kumar Sanu,,,https://www.discogs.com/label/1091682,Discogs,
Silver Screen Gold,Label,Unknown,Mukesh,,,https://www.discogs.com/label/722431,Discogs,
Silver Screen Gold,Label,Unknown,Nashad,,,https://www.discogs.com/label/722431,Discogs,
Silver Screen Gold,Label,Unknown,Ghulam Mohammad* / A. R. Qureshi,,,https://www.discogs.com/label/722431,Discogs,
Silver Screen Gold,Label,Unknown,Rafi*,,,https://www.discogs.com/label/722431,Discogs,
Silver Screen Gold,Label,Unknown,Sachindev Varman*,,,https://www.discogs.com/label/722431,Discogs,
Silver Screen Gold,Label,Unknown,Vishwanathan Ramanurthy* / Ghulam Mohammed,,,https://www.discogs.com/label/722431,Discogs,
Silver Screen Gold,Label,Unknown,C. Ramchandra,,,https://www.discogs.com/label/722431,Discogs,
Silver Screen Gold,Label,Unknown,Hemant Kumar,,,https://www.discogs.com/label/722431,Discogs,
Silver Screen Gold,Label,Unknown,N. Dutta / C. Ramchandra,,,https://www.discogs.com/label/722431,Discogs,
Silver Screen Gold,Label,Unknown,Talat Mahmood,,,https://www.discogs.com/label/722431,Discogs,
Silver Screen Gold,Label,Unknown,Lata*,,,https://www.discogs.com/label/722431,Discogs,
Sound Master,Label,Unknown,Shakila (4),,,https://www.discogs.com/label/86760,Discogs,
Sound Master,Label,Unknown,Faisal Latif,,,https://www.discogs.com/label/86760,Discogs,
Sound Master,Label,Unknown,Aamir Saleem,,,https://www.discogs.com/label/86760,Discogs,
Sound Master,Label,Unknown,Ahmed Jahanzeb,,,https://www.discogs.com/label/86760,Discogs,
Sound Master,Label,Unknown,Saleem Javed,,,https://www.discogs.com/label/86760,Discogs,
Sound Master,Label,Unknown,Reshma,,,https://www.discogs.com/label/86760,Discogs,
Sound Master,Label,Unknown,Abrar Ul Haq*,,,https://www.discogs.com/label/86760,Discogs,
Sound Master,Label,Unknown,Fuzön*,,,https://www.discogs.com/label/86760,Discogs,
Sound Master,Label,Unknown,Hadiqa Kiani,,,https://www.discogs.com/label/86760,Discogs,
Sound Master,Label,Unknown,Abrar-Ul-Haq,,,https://www.discogs.com/label/86760,Discogs,
Sound Master,Label,Unknown,"Asha Bhosle, Adnan Sami",,,https://www.discogs.com/label/86760,Discogs,
Sound Master,Label,Unknown,Hadiqa*,,,https://www.discogs.com/label/86760,Discogs,
Sound Master,Label,Unknown,Shehzad Roy,,,https://www.discogs.com/label/86760,Discogs,
Sound Master,Label,Unknown,Ali Haider,,,https://www.discogs.com/label/86760,Discogs,
Sound Master,Label,Unknown,"Sajjad Ali, Mehnaz (2)",,,https://www.discogs.com/label/86760,Discogs,
Sound Master,Label,Unknown,Sajjad Ali,,,https://www.discogs.com/label/86760,Discogs,
Sound Master,Label,Unknown,Asha Bhosle & Adnan Sami,,,https://www.discogs.com/label/86760,Discogs,
Sound Master,Label,Unknown,Aakash,,,https://www.discogs.com/label/86760,Discogs,
Sound Master,Label,Unknown,Hans Raj Hans,,,https://www.discogs.com/label/86760,Discogs,
Sound Master,Label,Unknown,Adnan Sami & Asha Bhosle,,,https://www.discogs.com/label/86760,Discogs,
Sound Master,Label,Unknown,Adnan Sami,,,https://www.discogs.com/label/86760,Discogs,
Speed Records,Label,Unknown,Diljit Dosanjh = ਦਿਲਜੀਤ ਦੋਸਾਂਝ*,,,https://www.discogs.com/label/482831,Discogs,
Speed Records,Label,Unknown,Amrit Maan,,,https://www.discogs.com/label/482831,Discogs,
Speed Records,Label,Unknown,MXRCI,,,https://www.discogs.com/label/482831,Discogs,
Speed Records,Label,Unknown,Armaan Dhillon,,,https://www.discogs.com/label/482831,Discogs,
Speed Records,Label,Unknown,Jordan Sandhu,,,https://www.discogs.com/label/482831,Discogs,
Speed Records,Label,Unknown,Wazir Patar,,,https://www.discogs.com/label/482831,Discogs,
Speed Records,Label,Unknown,Pari Pandher,,,https://www.discogs.com/label/482831,Discogs,
Speed Records,Label,Unknown,Dilpreet Dhillon,,,https://www.discogs.com/label/482831,Discogs,
Speed Records,Label,Unknown,Jordan Sandhu & Meharvaani,,,https://www.discogs.com/label/482831,Discogs,
Speed Records,Label,Unknown,Himanshi Khurana,,,https://www.discogs.com/label/482831,Discogs,
Speed Records,Label,Unknown,Karan Aujla,,,https://www.discogs.com/label/482831,Discogs,Historical — now on Warner Music India (91 North)
Speed Records,Label,Unknown,Himmat Sandhu & Gurmeet Singh,,,https://www.discogs.com/label/482831,Discogs,
Speed Records,Label,Unknown,Prem Dhillon,,,https://www.discogs.com/label/482831,Discogs,
Speed Records,Label,Unknown,R Nait & Amrit Maan,,,https://www.discogs.com/label/482831,Discogs,
Speed Records,Label,Unknown,Gur Sidhu & Gurlez Akhtar,,,https://www.discogs.com/label/482831,Discogs,
Speed Records,Label,Unknown,Amrit Maan & Nimrat Khaira,,,https://www.discogs.com/label/482831,Discogs,
Speed Records,Label,Unknown,Amrit Maan Feat. Divine (47),,,https://www.discogs.com/label/482831,Discogs,
Speed Records,Label,Unknown,Amrit Maan & Gurlez Akhtar,,,https://www.discogs.com/label/482831,Discogs,
Speed Records,Label,Unknown,Karan Aujla & Gurlez Akhtar,,,https://www.discogs.com/label/482831,Discogs,
Speed Records,Label,Unknown,Amar Sehmbi,,,https://www.discogs.com/label/482831,Discogs,
Speed Records,Label,Unknown,Happy Raikoti,,,https://www.discogs.com/label/482831,Discogs,
Speed Records,Label,Unknown,हेमन्त हरजाई,,,https://www.discogs.com/label/482831,Discogs,
Speed Records,Label,Unknown,Sara Gurpal,,,https://www.discogs.com/label/482831,Discogs,
Speed Records,Label,Unknown,Armaan Bedil & Sara Gurpal,,,https://www.discogs.com/label/482831,Discogs,
Speed Records,Label,Unknown,Jatinder Shah,,,https://www.discogs.com/label/482831,Discogs,
Speed Records,Label,Unknown,K.S. Makhan,,,https://www.discogs.com/label/482831,Discogs,
Speed Records,Label,Unknown,Preet Hundal & Jasmine Sandlas,,,https://www.discogs.com/label/482831,Discogs,
Speed Records,Label,Unknown,Parmish Verma,,,https://www.discogs.com/label/482831,Discogs,
Srk Music,Label,Unknown,Manoj Santoshi,,,https://www.discogs.com/label/476819,Discogs,
Srk Music,Label,Unknown,Aiysha Saagar,,,https://www.discogs.com/label/476819,Discogs,
Srk Music,Label,Unknown,S. G. Veram,,,https://www.discogs.com/label/476819,Discogs,
Super Sound (11),Label,Unknown,Shamji Ghanshamji,,,https://www.discogs.com/label/1202844,Discogs,
Super Sound (11),Label,Unknown,Laxmikant Pyarelal*,,,https://www.discogs.com/label/1202844,Discogs,
Super Sound (11),Label,Unknown,Lata Mangeshkar,,,https://www.discogs.com/label/1202844,Discogs,
Super Sound (11),Label,Unknown,R. D. Burman,,,https://www.discogs.com/label/1202844,Discogs,
Super Sound (11),Label,Unknown,"Shanker Jaykishan*, Neeraj (2) & Hasrat Jaypuri* / S. D. Burman, Anand Bakshi",,,https://www.discogs.com/label/1202844,Discogs,
Super Sound (11),Label,Unknown,Kishore Kumar,,,https://www.discogs.com/label/1202844,Discogs,
Super Sound (11),Label,Unknown,Various / Ravindra Jain / Rajesh Roshan,,,https://www.discogs.com/label/1202844,Discogs,
Super Sound (11),Label,Unknown,"Rajesh Roshan, R. D. Burman",,,https://www.discogs.com/label/1202844,Discogs,
Super Sound (11),Label,Unknown,Rajesh Roshan,,,https://www.discogs.com/label/1202844,Discogs,
Super Sound (11),Label,Unknown,Shyam Sunder,,,https://www.discogs.com/label/1202844,Discogs,
Super Sound (11),Label,Unknown,S. D. Burman,,,https://www.discogs.com/label/1202844,Discogs,
Super Sound (11),Label,Unknown,"R. D. Burman, Gulshan Bawra",,,https://www.discogs.com/label/1202844,Discogs,
Super Sound (11),Label,Unknown,Hemant Bhosle,,,https://www.discogs.com/label/1202844,Discogs,
Super Sound (11),Label,Unknown,"Laxmikant-Pyarelal, Kalyanji-Anandji",,,https://www.discogs.com/label/1202844,Discogs,
Super Sound (11),Label,Unknown,Chitragupta,,,https://www.discogs.com/label/1202844,Discogs,
Super Sound (11),Label,Unknown,G. S. Kohli,,,https://www.discogs.com/label/1202844,Discogs,
Super Sound (11),Label,Unknown,"Lata Mangeshkar, Kishore Kumar, Asha Bhosle",,,https://www.discogs.com/label/1202844,Discogs,
Super Sound (11),Label,Unknown,"Mohammed Rafi, Mahendra Kapoor",,,https://www.discogs.com/label/1202844,Discogs,
Super Sound (11),Label,Unknown,Bappi Lahiri,,,https://www.discogs.com/label/1202844,Discogs,
Super Sound (11),Label,Unknown,"Diljeet Kaur, Amerjeet",,,https://www.discogs.com/label/1202844,Discogs,
Super Sound (11),Label,Unknown,"Tejkaur, Beldevsingh Dhaliwal*",,,https://www.discogs.com/label/1202844,Discogs,
Super Sound (11),Label,Unknown,"Summurjeet Summur, Joginder Kumar Sajan",,,https://www.discogs.com/label/1202844,Discogs,
Super Sound (11),Label,Unknown,Hazara Singh Ramta,,,https://www.discogs.com/label/1202844,Discogs,
Super Sound (11),Label,Unknown,Unknown Artist,,,https://www.discogs.com/label/1202844,Discogs,
Super Sound (11),Label,Unknown,K.S. Narula,,,https://www.discogs.com/label/1202844,Discogs,
Super Sound (11),Label,Unknown,"Amarjeet Kaur Bedi, Bangar Paslia*, Gurnam Singh Beli",,,https://www.discogs.com/label/1202844,Discogs,
Super Sound (11),Label,Unknown,"Mukhtar Singh Adliwala, Sharanjit Kaur, K.L. Bhandi",,,https://www.discogs.com/label/1202844,Discogs,
Super Sound (11),Label,Unknown,"Lata Mangeshkar, Kishore Kumar, Shailendra Singh, Asha Bhosle, Kanchan",,,https://www.discogs.com/label/1202844,Discogs,
Super Sound (11),Label,Unknown,"Mohammed Rafi, Kishore Kumar, Lata Mangeshkar",,,https://www.discogs.com/label/1202844,Discogs,
Super Sound (11),Label,Unknown,Ravi,,,https://www.discogs.com/label/1202844,Discogs,
Super Sound (11),Label,Unknown,Kalyanji-Anandji,,,https://www.discogs.com/label/1202844,Discogs,
Super Sound (11),Label,Unknown,Laxmikant-Pyarelal,,,https://www.discogs.com/label/1202844,Discogs,
Super Sound (11),Label,Unknown,Naushad,,,https://www.discogs.com/label/1202844,Discogs,
The Golden Voices Of Bollywood,Label,Unknown,Asha Bhosle,,,https://www.discogs.com/label/812047,Discogs,
The Golden Voices Of Bollywood,Label,Unknown,Lata Mangeshkar,,,https://www.discogs.com/label/812047,Discogs,
The Rough Guide To Bollywood Legends,Label,Unknown,Lata Mangeshkar,,,https://www.discogs.com/label/2967839,Discogs,
The Rough Guide To Bollywood Legends,Label,Unknown,Mohd. Rafi*,,,https://www.discogs.com/label/2967839,Discogs,
The Rough Guide To Bollywood Legends,Label,Unknown,Asha Bhosle,,,https://www.discogs.com/label/2967839,Discogs,
Think Music India,Label,Unknown,A.R. Rahman,,,https://www.discogs.com/label/1819956,Discogs,
Top Star,Label,Unknown,Ahmed - Mahendra,,,https://www.discogs.com/label/616210,Discogs,
Top Star,Label,Unknown,"Lata Kalyan, Kumar Anjum",,,https://www.discogs.com/label/616210,Discogs,
Top Star,Label,Unknown,Amar-Utpal*,,,https://www.discogs.com/label/616210,Discogs,
Top Star,Label,Unknown,"Bappi Lahiri, Ashok Gupta",,,https://www.discogs.com/label/616210,Discogs,
Top Star,Label,Unknown,Kamal Anand,,,https://www.discogs.com/label/616210,Discogs,
Top Star,Label,Unknown,Dilip Sen-Sameer Sen,,,https://www.discogs.com/label/616210,Discogs,
Top Star,Label,Unknown,Bappi Lahiri / Kamal Anand,,,https://www.discogs.com/label/616210,Discogs,
Top Star,Label,Unknown,Bappi Lahiri,,,https://www.discogs.com/label/616210,Discogs,
Top Star,Label,Unknown,K. Pappu,,,https://www.discogs.com/label/616210,Discogs,
Top Star,Label,Unknown,"Amar, Utpal*",,,https://www.discogs.com/label/616210,Discogs,
Top Star,Label,Unknown,"Dilip Sen - Sameer Sen*, Mahendra Dehlvi",,,https://www.discogs.com/label/616210,Discogs,
Top Star,Label,Unknown,"Ashish Hemant, Salim Sagar",,,https://www.discogs.com/label/616210,Discogs,
Top Star,Label,Unknown,"Dilip Sen-Sameer Sen, Yogesh & Mahendra Dehlvi",,,https://www.discogs.com/label/616210,Discogs,
Top Star,Label,Unknown,Pappu Kashmiri,,,https://www.discogs.com/label/616210,Discogs,
Top Star,Label,Unknown,Amar Utpal,,,https://www.discogs.com/label/616210,Discogs,
Top Star,Label,Unknown,Saawan Kumar Saawan,,,https://www.discogs.com/label/616210,Discogs,
Top Star,Label,Unknown,Triveni-Bhavani*,,,https://www.discogs.com/label/616210,Discogs,
Top Star,Label,Unknown,"Pushpa Mhatre, Bhaskar Gupta",,,https://www.discogs.com/label/616210,Discogs,
Top Star,Label,Unknown,M.M Kiravani*,,,https://www.discogs.com/label/616210,Discogs,
Universal Audio (2),Label,Unknown,Masood Rana*,,,https://www.discogs.com/label/1503471,Discogs,
Universal Audio (2),Label,Unknown,Vishal Bhardwaj,,,https://www.discogs.com/label/1503471,Discogs,
Universal Audio (2),Label,Unknown,"Naushad, Shakeel Badayuni",,,https://www.discogs.com/label/1503471,Discogs,
Universal Audio (2),Label,Unknown,"Ilaiyaraaja, Deva (14)",,,https://www.discogs.com/label/1503471,Discogs,
Universal Audio (2),Label,Unknown,Saleem Raza*,,,https://www.discogs.com/label/1503471,Discogs,
Universal Audio (2),Label,Unknown,"Viju Shah, Sameer",,,https://www.discogs.com/label/1503471,Discogs,
Universal Audio (2),Label,Unknown,"Nusrat Fateh Ali Khan, Anand Bakshi",,,https://www.discogs.com/label/1503471,Discogs,
Universal Audio (2),Label,Unknown,"A R Rahman*, Gulzar / Anu Malik, Rahat Indori",,,https://www.discogs.com/label/1503471,Discogs,
Universal Audio (2),Label,Unknown,Ahmed Rushdi,,,https://www.discogs.com/label/1503471,Discogs,
Universal Audio (2),Label,Unknown,Mehdi Hassan,,,https://www.discogs.com/label/1503471,Discogs,
Vanilla Music,Label,Unknown,"Anu Malik, Sameer",,,https://www.discogs.com/label/319275,Discogs,
Vanilla Music,Label,Unknown,عبد الله بالخير,,,https://www.discogs.com/label/319275,Discogs,
Vanilla Music,Label,Unknown,Viola Wills,,,https://www.discogs.com/label/319275,Discogs,
Vanilla Music,Label,Unknown,Nancy Nova,,,https://www.discogs.com/label/319275,Discogs,
Vanilla Music,Label,Unknown,Johnny Logan,,,https://www.discogs.com/label/319275,Discogs,
Vanilla Music,Label,Unknown,Sheeba (2),,,https://www.discogs.com/label/319275,Discogs,
Vanilla Music,Label,Unknown,Gloria,,,https://www.discogs.com/label/319275,Discogs,
Wind Horse Records,Label,Unknown,Wilson Costa,,,https://www.discogs.com/label/245493,Discogs,
Wind Horse Records,Label,Unknown,Hamza (4),,,https://www.discogs.com/label/245493,Discogs,
Wind Horse Records,Label,Unknown,Soulspace,,,https://www.discogs.com/label/245493,Discogs,
Wind Horse Records,Label,Unknown,The Ritual (3),,,https://www.discogs.com/label/245493,Discogs,
Wind Horse Records,Label,Unknown,Kartech,,,https://www.discogs.com/label/245493,Discogs,
Wind Horse Records,Label,Unknown,Asvajit,,,https://www.discogs.com/label/245493,Discogs,
Wind Horse Records,Label,Unknown,"Hamza (4), Audio Units",,,https://www.discogs.com/label/245493,Discogs,
Wind Horse Records,Label,Unknown,Vipul,,,https://www.discogs.com/label/245493,Discogs,
Wind Horse Records,Label,Unknown,Gion,,,https://www.discogs.com/label/245493,Discogs,
Wind Horse Records,Label,Unknown,Audio Units,,,https://www.discogs.com/label/245493,Discogs,
Wind Horse Records,Label,Unknown,Hamza (4) & Vipul,,,https://www.discogs.com/label/245493,Discogs,
Wind Horse Records,Label,Unknown,Vinayak^A,,,https://www.discogs.com/label/245493,Discogs,
Wind Horse Records,Label,Unknown,Mink (15),,,https://www.discogs.com/label/245493,Discogs,
Wind Horse Records,Label,Unknown,"Hamza (4), Yungchen Lhamo",,,https://www.discogs.com/label/245493,Discogs,
Wind Horse Records,Label,Unknown,"Hamza (4), Jasbir Jassi",,,https://www.discogs.com/label/245493,Discogs,
Wind Horse Records,Label,Unknown,Hamza (4) Featuring David Hykes,,,https://www.discogs.com/label/245493,Discogs,
www.bollywoodstrings.com,Label,Unknown,Chandru,,,https://www.discogs.com/label/918717,Discogs,
